<?xml version="1.0" standalone="yes"?>
<interestRateCurve>
<effectiveasof>2009-06-15</effectiveasof>
<currency>USD</currency>
<baddayconvention>M</baddayconvention>
<deposits>
<daycountconvention>ACT/360</daycountconvention>
<snaptime>2009-06-12T20:00:00.000Z</snaptime>
<spotdate>2009-06-17</spotdate>
<calendars>
<calendar>none</calendar>
</calendars>
<curvepoint>
<tenor>1M</tenor>
<maturitydate>2009-07-17</maturitydate>
<parrate>0.003181</parrate>
</curvepoint>
<curvepoint>
<tenor>2M</tenor>
<maturitydate>2009-08-17</maturitydate>
<parrate>0.004644</parrate>
</curvepoint>
<curvepoint>
<tenor>3M</tenor>
<maturitydate>2009-09-17</maturitydate>
<parrate>0.006244</parrate>
</curvepoint>
<curvepoint>
<tenor>6M</tenor>
<maturitydate>2009-12-17</maturitydate>
<parrate>0.011838</parrate>
</curvepoint>
<curvepoint>
<tenor>9M</tenor>
<maturitydate>2010-03-17</maturitydate>
<parrate>0.014588</parrate>
</curvepoint>
<curvepoint>
<tenor>1Y</tenor>
<maturitydate>2010-06-17</maturitydate>
<parrate>0.017325</parrate>
</curvepoint>
</deposits>
<swaps>
<fixeddaycountconvention>30/360</fixeddaycountconvention>
<floatingdaycountconvention>ACT/360</floatingdaycountconvention>
<fixedpaymentfrequency>6M</fixedpaymentfrequency>
<floatingpaymentfrequency>3M</floatingpaymentfrequency>
<snaptime>2009-06-12T20:00:00.000Z</snaptime>
<spotdate>2009-06-17</spotdate>
<calendars>
<calendar>none</calendar>
</calendars>
<curvepoint>
<tenor>2Y</tenor>
<maturitydate>2011-06-17</maturitydate>
<parrate>0.01683</parrate>
</curvepoint>
<curvepoint>
<tenor>3Y</tenor>
<maturitydate>2012-06-17</maturitydate>
<parrate>0.023561</parrate>
</curvepoint>
<curvepoint>
<tenor>4Y</tenor>
<maturitydate>2013-06-17</maturitydate>
<parrate>0.028692</parrate>
</curvepoint>
<curvepoint>
<tenor>5Y</tenor>
<maturitydate>2014-06-17</maturitydate>
<parrate>0.032329</parrate>
</curvepoint>
<curvepoint>
<tenor>6Y</tenor>
<maturitydate>2015-06-17</maturitydate>
<parrate>0.03511</parrate>
</curvepoint>
<curvepoint>
<tenor>7Y</tenor>
<maturitydate>2016-06-17</maturitydate>
<parrate>0.037053</parrate>
</curvepoint>
<curvepoint>
<tenor>8Y</tenor>
<maturitydate>2017-06-17</maturitydate>
<parrate>0.03865</parrate>
</curvepoint>
<curvepoint>
<tenor>9Y</tenor>
<maturitydate>2018-06-17</maturitydate>
<parrate>0.039777</parrate>
</curvepoint>
<curvepoint>
<tenor>10Y</tenor>
<maturitydate>2019-06-17</maturitydate>
<parrate>0.040595</parrate>
</curvepoint>
<curvepoint>
<tenor>12Y</tenor>
<maturitydate>2021-06-17</maturitydate>
<parrate>0.042038</parrate>
</curvepoint>
<curvepoint>
<tenor>15Y</tenor>
<maturitydate>2024-06-17</maturitydate>
<parrate>0.043372</parrate>
</curvepoint>
<curvepoint>
<tenor>20Y</tenor>
<maturitydate>2029-06-17</maturitydate>
<parrate>0.04385</parrate>
</curvepoint>
<curvepoint>
<tenor>25Y</tenor>
<maturitydate>2034-06-17</maturitydate>
<parrate>0.043764</parrate>
</curvepoint>
<curvepoint>
<tenor>30Y</tenor>
<maturitydate>2039-06-17</maturitydate>
<parrate>0.043946</parrate>
</curvepoint>
</swaps>
</interestRateCurve>
