Date,IGSpread,HYSpread,SPX,VIX
9/21/2004,53.93,363,1129.3,13.66
9/22/2004,55.18,367.5,1113.56,14.74
9/23/2004,54.69,371.2,1108.36,14.8
9/24/2004,55.11,374.5,1110.11,14.28
9/27/2004,54.59,370.5,1103.52,14.62
9/28/2004,54.15,365.5,1110.06,13.83
9/29/2004,53.78,365,1114.8,13.21
9/30/2004,52.83,353,1114.58,13.34
10/1/2004,52.2,344.9,1131.5,12.75
10/4/2004,52.98,347.2,1135.17,13.41
10/5/2004,53.06,345.1,1134.48,13.95
10/6/2004,53.42,345.1,1142.05,13.28
10/7/2004,53.38,347.6,1130.65,14.5
10/8/2004,53.55,348.1,1122.14,15.05
10/12/2004,54.55,354.9,1121.84,15.05
10/13/2004,54.97,356.5,1113.65,15.42
10/14/2004,55.94,358.4,1103.29,16.43
10/15/2004,57.41,364.4,1108.2,15.04
10/18/2004,58.69,378.2,1114.02,14.71
10/19/2004,57.97,366.7,1103.23,15.13
10/20/2004,56.88,359.9,1103.66,14.85
10/21/2004,57.12,359.9,1106.49,14.54
10/22/2004,55.03,349.4,1095.74,15.28
10/25/2004,53.28,341.9,1094.81,16.58
10/26/2004,53.06,336,1111.09,16.39
10/27/2004,52.53,329.1,1125.4,15.72
10/28/2004,53.23,323.2,1127.44,15.39
10/29/2004,52.9,319.9,1130.2,16.27
11/1/2004,52.13,309.1,1130.51,16.27
11/2/2004,50.45,303.7,1130.54,16.18
11/3/2004,50.11,302.3,1143.2,14.04
11/4/2004,50.8,309.1,1161.67,13.97
11/5/2004,50.03,308.7,1166.17,13.84
11/8/2004,49.65,311.7,1164.89,13.8
11/9/2004,49.4,310.8,1164.08,13.61
11/10/2004,49.938,312.4,1162.91,13.08
11/12/2004,49.69,314,1184.17,13.33
11/15/2004,50,315.6,1183.81,13.38
11/16/2004,49.5,315.2844444,1175.43,13.21
11/17/2004,49.938,314.9688889,1181.94,13.21
11/18/2004,49.375,314.6533333,1183.55,12.98
11/19/2004,48.94,314.3377778,1170.34,13.5
11/22/2004,48.81,314.0222222,1177.24,12.97
11/23/2004,48.59,313.7066667,1176.94,12.67
11/24/2004,47.67,313.3911111,1181.76,12.72
11/26/2004,47.58,313.0755556,1182.65,12.78
11/29/2004,46.9,312.76,1178.57,13.3
11/30/2004,47.27,319.13,1173.82,13.24
12/1/2004,45.75,316.08,1191.37,12.97
12/2/2004,44.45,314.62,1190.33,12.98
12/3/2004,44.1,311.42,1191.17,12.96
12/6/2004,44.03,309.71,1190.25,13.19
12/7/2004,44.25,307,1177.07,13.67
12/8/2004,44.52,305.96,1182.81,13.19
12/9/2004,44.97,304.21,1189.24,12.88
12/10/2004,45.56,304.99,1188,12.76
12/13/2004,45.5,298.81,1198.68,12.54
12/14/2004,46.4,296.03,1203.38,12.73
12/15/2004,45.87,291.3,1205.72,12.35
12/16/2004,44.95,292.72,1203.21,12.27
12/17/2004,45.19,294.74,1194.22,11.95
12/20/2004,44.46,293.31,1194.65,11.83
12/21/2004,44.42,294.55,1205.45,11.55
12/22/2004,44.25,294.65,1209.57,11.45
12/23/2004,44.25,294.81,1210.13,11.23
12/29/2004,44,294.81,1213.45,11.62
12/30/2004,43.94,295.32,1213.55,12.56
12/31/2004,44,294.28,1211.92,13.29
1/4/2005,44.85,298.04,1188.05,13.98
1/5/2005,46.54,310.51,1183.74,14.09
1/6/2005,46.59,312.59,1187.89,13.58
1/7/2005,47.16,314.58,1186.19,13.49
1/10/2005,47.31,322.38,1190.25,13.23
1/11/2005,47.48,325.39,1182.99,13.19
1/12/2005,47.17,323.84,1187.7,12.56
1/13/2005,47.75,327.9,1177.45,12.84
1/14/2005,47.75,330.5,1184.52,12.43
1/18/2005,48.56,337.08,1195.98,12.47
1/19/2005,48.85,338.81,1184.63,13.18
1/20/2005,49.53,349.1,1175.41,13.83
1/21/2005,49.51,343.91,1167.87,14.36
1/24/2005,48.56,336.59,1163.75,14.65
1/25/2005,47.5,327.42,1168.41,14.06
1/26/2005,46.66,323.15,1174.07,13.44
1/27/2005,46.63,321.69,1174.55,13.24
1/28/2005,46.79,323.26,1171.36,13.24
1/31/2005,46.53,320.85,1181.27,12.82
2/1/2005,45.86,316.22,1189.41,12.03
2/2/2005,44.7,310.54,1193.19,11.66
2/3/2005,44.75,311.48,1189.89,11.79
2/4/2005,44.25,301.61,1203.03,11.21
2/7/2005,44.68,302.5,1201.72,11.73
2/8/2005,44.75,299.78,1202.3,11.6
2/9/2005,46.05,309.68,1191.99,12
2/10/2005,45.25,310.28,1197.01,11.51
2/11/2005,44.69,305.8,1205.3,11.43
2/14/2005,44.54,305.1,1206.14,11.52
2/15/2005,44.38,302.47,1210.12,11.27
2/16/2005,43.9,300.15,1210.34,11.1
2/17/2005,43.98,300.23,1200.75,11.77
2/18/2005,44.18,302.27,1201.59,11.18
2/22/2005,45.22,310.73,1184.16,13.14
2/23/2005,44.27,307.18,1190.8,12.39
2/24/2005,44.06,306.04,1200.2,11.57
2/25/2005,44.02,301.68,1211.37,11.49
2/28/2005,44.5,302.47,1203.6,12.08
3/1/2005,43.97,304.19,1210.41,12.04
3/2/2005,43.68,303.85,1210.08,12.5
3/3/2005,42.97,299.71,1210.47,12.93
3/4/2005,42,295.19,1222.12,11.94
3/7/2005,41.49,291.87,1225.31,12.26
3/8/2005,41.04,288.44,1219.43,12.4
3/9/2005,42.33,297.29,1207.01,12.7
3/10/2005,42.42,301.68,1209.25,12.49
3/11/2005,42.96,305.65,1200.08,12.8
3/14/2005,43.46,311.67,1206.83,12.39
3/15/2005,44.33,318.04,1197.75,13.15
3/16/2005,46.17,333.13,1188.07,13.49
3/17/2005,45.5,327.35,1190.21,13.29
3/18/2005,44.79,328.68,1189.65,13.14
3/21/2005,45.29,344.39,1183.78,13.61
3/22/2005,47.23,359.96,1171.71,14.27
3/23/2005,46.79,360.41,1172.53,14.06
3/24/2005,46.25,351.18,1171.42,13.42
3/29/2005,48.22,370.79,1165.36,14.49
3/30/2005,48.86,367.04,1181.41,13.64
3/31/2005,50.61,372.71,1180.59,14.02
4/1/2005,52.58,378.3,1172.92,14.09
4/4/2005,51.34,374.34,1176.12,14.11
4/5/2005,49.25,362.49,1181.39,13.68
4/6/2005,48.22,339.68,1184.07,13.15
4/7/2005,47.75,329.62,1191.14,12.33
4/8/2005,50.88,339.22,1181.2,12.62
4/11/2005,50.56,343.6,1181.21,11.98
4/12/2005,49.99,339.28,1187.76,11.3
4/13/2005,52.42,350.92,1173.79,13.31
4/14/2005,55.52,435.39,1162.05,14.53
4/15/2005,59,463.09,1142.62,17.74
4/18/2005,58.77,456.6,1145.98,16.56
4/19/2005,55.1,431.3,1152.78,14.96
4/20/2005,55.69,429.68,1137.5,16.92
4/21/2005,51.92,405.57,1159.95,14.41
4/22/2005,54,422.79,1152.12,15.38
4/25/2005,53.47,417.71,1162.1,14.62
4/26/2005,54.19,426.55,1151.74,14.91
4/27/2005,55.77,440.47,1156.38,14.87
4/28/2005,58.41,465.41,1143.22,16.86
4/29/2005,59.08,463.52,1156.85,15.31
5/3/2005,59.59,459.84,1161.17,14.53
5/4/2005,55.96,433.35,1175.65,13.85
5/5/2005,61.31,467.22,1172.63,13.98
5/6/2005,63.49,467.03,1171.35,14.05
5/9/2005,64.44,459.11,1178.84,13.75
5/10/2005,71.63,479.44,1166.22,14.91
5/11/2005,70.94,477.73,1171.11,14.45
5/12/2005,72.79,486.77,1159.36,16.12
5/13/2005,74.48,501.2,1154.05,16.32
5/16/2005,74.65,509.38,1165.69,15.68
5/17/2005,77.72,521.58,1173.8,14.57
5/18/2005,71.12,484.35,1185.56,13.63
5/19/2005,63.86,450.29,1191.08,13.32
5/20/2005,64.57,449.29,1189.28,13.14
5/23/2005,63.46,433.89,1193.86,12.95
5/24/2005,62.75,428.96,1194.07,12.69
5/25/2005,59.98,424.21,1190.01,12.58
5/26/2005,56.94,407.8,1197.62,12.24
5/27/2005,57.58,406.44,1198.78,12.15
5/31/2005,59.29,409.25,1191.5,13.29
6/1/2005,57.75,401.19,1202.27,12.36
6/2/2005,54.55,377.74,1204.29,11.84
6/3/2005,56.04,391.63,1196.02,12.15
6/6/2005,56.89,400.8,1197.51,12.28
6/7/2005,56.2,395.68,1197.26,12.39
6/8/2005,57.86,403.24,1194.67,12.7
6/9/2005,57.32,405.37,1200.93,12.08
6/10/2005,57.04,406.03,1198.11,11.96
6/13/2005,56.54,400.41,1200.82,11.65
6/14/2005,55.25,392.24,1203.91,11.79
6/15/2005,55.25,387.69,1206.58,11.46
6/16/2005,56.58,390.7,1210.96,11.15
6/17/2005,56.19,390.03,1216.96,11.48
6/20/2005,56.51,394.95,1216.1,11.47
6/21/2005,56.01,387.34,1213.61,11.08
6/22/2005,57.96,391.8,1213.88,11.05
6/23/2005,59.86,401.69,1200.73,12.13
6/24/2005,62.04,411.54,1191.57,12.18
6/27/2005,63.19,411.66,1190.69,12.52
6/28/2005,58.88,392.49,1201.57,11.58
6/29/2005,60.35,392.41,1199.85,11.77
6/30/2005,60.33,393.52,1191.33,12.04
7/1/2005,59.98,392.21,1194.44,11.4
7/5/2005,58.82,385.09,1204.99,11.68
7/6/2005,59.84,390.6,1194.94,12.27
7/7/2005,61.83,394.53,1197.87,12.49
7/8/2005,58.69,382.87,1211.86,11.45
7/11/2005,57.92,372.46,1219.44,11.28
7/12/2005,57.72,367.06,1222.21,10.95
7/13/2005,56.75,362.87,1223.29,10.84
7/14/2005,55.28,357.29,1226.5,10.81
7/15/2005,55.06,357.2,1227.92,10.33
7/18/2005,54.78,357.31,1221.13,10.77
7/19/2005,55.01,356.75,1229.35,10.45
7/20/2005,54.11,355.76,1235.2,10.23
7/21/2005,53.75,353,1227.04,10.97
7/22/2005,53.25,355.68,1233.68,10.52
7/25/2005,53.44,354.44,1229.03,11.1
7/26/2005,52.11,353.51,1231.16,10.99
7/27/2005,51.14,350.26,1236.79,10.36
7/28/2005,50.11,344.45,1243.72,10.52
7/29/2005,50.72,342.26,1234.18,11.57
8/1/2005,51.48,345.17,1235.35,12.08
8/2/2005,52.44,344.62,1244.12,11.75
8/3/2005,52.5,348.6,1245.04,11.83
8/4/2005,53.79,359.6,1235.86,12.52
8/5/2005,54.34,368.4,1226.42,12.48
8/8/2005,54.65,375.64,1223.13,13.21
8/9/2005,53.11,367.04,1231.38,12.4
8/10/2005,52.67,364.05,1229.13,12.38
8/11/2005,52.06,360.42,1237.81,12.42
8/12/2005,52.61,362.4,1230.39,12.74
8/15/2005,52.67,362.73,1233.87,12.26
8/16/2005,52.57,369.63,1219.34,13.52
8/17/2005,51.36,366.47,1220.24,13.3
8/18/2005,51.17,363.21,1219.02,13.42
8/19/2005,50.33,356.27,1219.71,13.42
8/22/2005,49.05,346.65,1221.73,13.42
8/23/2005,47.94,343.82,1217.57,13.34
8/24/2005,48.89,347.72,1209.59,14.17
8/25/2005,48.7,346.37,1212.4,13.73
8/26/2005,49.57,351.68,1205.1,13.72
8/30/2005,50.39,359.24,1208.41,13.65
8/31/2005,50.7,364.46,1220.33,12.6
9/1/2005,51.56,376.8,1221.59,13.15
9/2/2005,53.34,380.83,1218.02,13.57
9/6/2005,50.44,365.64,1233.39,12.93
9/7/2005,51.27,368.99,1236.36,12.52
9/8/2005,50.98,367.72,1231.67,12.93
9/9/2005,50.05,362.72,1241.48,11.98
9/12/2005,49.69,361.29,1240.56,11.65
9/13/2005,49.55,365.02,1231.2,12.39
9/14/2005,49,362.99,1227.16,12.91
9/15/2005,49.8,366.89,1227.73,12.49
9/16/2005,50.13,371,1237.91,11.22
9/19/2005,50.76,380.8,1231.02,12.14
9/20/2005,51.69,384.21,1221.34,12.64
9/21/2005,47.27,388.34,1210.2,13.79
9/22/2005,47.4,383.32,1214.62,13.33
9/23/2005,46.64,369.86,1215.29,12.96
9/26/2005,45.98,372.23,1215.63,13.04
9/27/2005,45.89,376.02,1215.66,12.76
9/28/2005,46.03,374.31,1216.89,12.63
9/29/2005,45.52,371.49,1227.68,12.24
9/30/2005,45.42,364.36,1228.81,11.92
10/3/2005,45.38,360.67,1226.7,12.46
10/4/2005,45.22,357.22,1214.47,13.2
10/5/2005,45.69,363.7,1196.39,14.55
10/6/2005,47.61,372.01,1191.49,14.96
10/7/2005,47.96,427.19,1195.9,14.59
10/11/2005,47.94,434.36,1184.87,15.63
10/12/2005,48.96,449.44,1177.68,16.22
10/13/2005,49.6,439.33,1176.84,16.47
10/14/2005,49.01,423.24,1186.57,14.87
10/17/2005,47.39,407.18,1190.1,14.67
10/18/2005,47.27,399.96,1178.14,15.33
10/19/2005,47.2,398.13,1195.76,13.5
10/20/2005,47.76,400.53,1177.8,16.11
10/21/2005,47.55,396.14,1179.59,16.13
10/24/2005,47.46,394.05,1199.38,14.74
10/25/2005,47.81,394.97,1196.54,14.53
10/26/2005,48.17,401,1191.38,14.59
10/27/2005,48.66,410.03,1178.9,16.02
10/28/2005,48.36,407.76,1198.41,14.25
10/31/2005,48.02,402.17,1207.01,15.32
11/1/2005,48.26,400.81,1202.76,14.85
11/2/2005,48.81,396.29,1214.76,13.48
11/3/2005,49.19,385.06,1219.94,13
11/4/2005,49.29,384.04,1220.14,13.17
11/7/2005,48.92,381.11,1222.81,13.1
11/8/2005,48.88,385.33,1218.59,13.08
11/9/2005,49.11,388.13,1220.65,12.8
11/10/2005,49.38,385.36,1230.96,11.9
11/14/2005,50.33,391.74,1233.76,12.18
11/15/2005,50.72,394.42,1229.01,12.23
11/16/2005,50.81,397.72,1231.21,12.26
11/17/2005,51.17,397.89,1242.8,11.25
11/18/2005,50.75,395.28,1248.27,11.12
11/21/2005,50.76,390.12,1254.85,10.82
11/22/2005,49.82,385,1261.23,10.6
11/23/2005,49.84,379.57,1265.61,10.96
11/25/2005,49.69,380.52,1268.25,10.88
11/28/2005,49.5,379.4,1257.46,11.84
11/29/2005,49.16,378.35,1257.48,11.89
11/30/2005,49.34,380.41,1249.48,12.06
12/1/2005,48.75,379.6,1264.67,11.24
12/2/2005,48.79,381.41,1265.08,11.01
12/5/2005,48.8,383.52,1262.09,11.6
12/6/2005,48.77,383.9,1263.7,11.52
12/7/2005,48.75,383.06,1257.37,12.18
12/8/2005,48.39,383.75,1255.84,12.21
12/9/2005,47.98,380.08,1259.37,11.69
12/12/2005,47.41,377.21,1260.43,11.47
12/13/2005,46.59,375.47,1267.43,11.11
12/14/2005,46.5,370.44,1272.74,10.48
12/15/2005,46.53,370.71,1270.94,10.73
12/16/2005,46.45,373.25,1267.32,10.68
12/19/2005,46.19,371.05,1259.92,11.38
12/20/2005,46.47,369.19,1259.62,11.19
12/21/2005,46.36,368.37,1262.79,10.81
12/22/2005,45.97,349.03,1268.12,10.29
12/23/2005,45.93,352.4507792,1268.66,10.27
12/28/2005,46.02,350.81,1258.17,11.35
12/29/2005,46.14,353.8,1254.42,11.61
12/30/2005,46.18,349.12,1248.29,12.07
1/3/2006,45.64,346.29,1268.8,11.14
1/4/2006,45.22,342.56,1273.46,11.37
1/5/2006,45.31,340.29,1273.48,11.31
1/6/2006,45.23,333.67,1285.45,11
1/9/2006,45.08,326.9,1290.15,11.13
1/10/2006,45.28,330.89,1289.69,10.86
1/11/2006,45.25,334.54,1294.18,10.94
1/12/2006,45.72,341.44,1286.06,11.2
1/13/2006,45.97,342.85,1287.61,11.23
1/17/2006,46.47,348.99,1282.93,11.91
1/18/2006,46.33,350.89,1277.93,12.25
1/19/2006,45.88,340.64,1285.04,11.98
1/20/2006,46.46,347.98,1261.49,14.56
1/23/2006,46.35,347.26,1263.82,13.93
1/24/2006,45.94,344.03,1266.86,13.31
1/25/2006,45.86,339.59,1264.68,12.87
1/26/2006,45.66,337.8,1273.83,12.42
1/27/2006,44.86,333.2,1283.72,11.97
1/30/2006,44.58,332.64,1285.2,12.39
1/31/2006,44.42,332.2,1280.08,12.95
2/1/2006,44.22,329.79,1282.46,12.36
2/2/2006,44.26,330.73,1270.84,13.23
2/3/2006,44.45,332.2,1264.03,12.96
2/6/2006,44.75,331.84,1265.02,13.04
2/7/2006,45.31,334.1,1254.78,13.59
2/8/2006,44.98,331.79,1265.65,12.83
2/9/2006,45.09,332.88,1263.78,13.12
2/10/2006,45.35,332.5,1266.99,12.87
2/13/2006,45.55,331.64,1262.86,13.35
2/14/2006,45.19,331.15,1275.53,12.25
2/15/2006,44.61,329.36,1280,12.31
2/16/2006,44.22,327.72,1289.38,11.48
2/17/2006,44,323.58,1287.24,12.01
2/21/2006,44,322.94,1283.03,12.41
2/22/2006,43.25,318.39,1292.67,11.88
2/23/2006,42.23,320.07,1287.79,11.87
2/24/2006,42.2,325.48,1289.43,11.46
2/27/2006,42,324.82,1294.12,11.59
2/28/2006,42.47,326.52,1280.66,12.34
3/1/2006,42.25,325.69,1291.24,11.54
3/2/2006,42.41,326.13,1289.14,11.72
3/3/2006,42.5,325.19,1287.23,11.96
3/6/2006,42.25,319.85,1278.26,12.74
3/7/2006,42.16,318.34,1275.88,12.66
3/8/2006,42.28,324.42,1278.47,12.32
3/9/2006,42,326.4,1272.23,12.68
3/10/2006,41.63,323.25,1281.58,11.85
3/13/2006,41.25,322.01,1284.13,11.37
3/14/2006,40.5,316.47,1297.48,10.74
3/15/2006,39.86,314.94,1303.02,11.35
3/16/2006,39.02,311.88,1305.33,11.98
3/17/2006,38.88,307.54,1307.25,12.12
3/20/2006,37.17,298.5,1305.08,11.79
3/21/2006,38.73,301.98,1297.23,11.62
3/22/2006,39.52,302.71,1305.04,11.21
3/23/2006,40.63,302.58,1301.67,11.17
3/24/2006,41.28,300.57,1302.95,11.19
3/27/2006,40.69,329.9200134,1301.61,11.46
3/28/2006,41.11,330.95,1293.23,11.58
3/29/2006,41.94,333.23,1302.89,10.95
3/30/2006,41.97,333.46,1300.25,11.57
3/31/2006,41.21,330.21,1294.83,11.39
4/3/2006,41.28,327.32,1297.81,11.57
4/4/2006,41.57,326.33,1305.93,11.14
4/5/2006,40.65,323.04,1311.56,11.13
4/6/2006,39.94,322.45,1309.04,11.45
4/7/2006,40.02,322.93,1295.5,12.26
4/10/2006,40,324.95,1296.6,12.19
4/11/2006,39.52,322.25,1286.57,13
4/12/2006,39.48,318.62,1288.12,12.76
4/13/2006,39.5,315.92,1289.12,12.38
4/18/2006,39,312.07,1307.65,11.4
4/19/2006,38.5,306.77,1309.93,11.32
4/20/2006,38.01,304.13,1311.46,11.64
4/21/2006,37.94,301.17,1311.28,11.59
4/24/2006,37.8,301.34,1308.11,11.75
4/25/2006,37.48,298.31,1301.74,11.75
4/26/2006,36.22,294.12,1305.41,11.76
4/27/2006,35.72,291.46,1309.72,11.84
4/28/2006,34.79,286.35,1310.61,11.59
5/2/2006,34,284.09,1313.21,11.99
5/3/2006,35,291.73,1307.85,11.99
5/4/2006,36.46,299.61,1312.25,11.86
5/5/2006,35.75,292.83,1325.76,11.62
5/8/2006,36.14,294.18,1324.66,12
5/9/2006,36.68,294.7,1325.14,11.99
5/10/2006,36.65,292.02,1322.85,11.78
5/11/2006,37.41,295.52,1305.92,12.49
5/12/2006,38.75,304.25,1291.24,14.19
5/15/2006,39.36,304.04,1294.5,13.57
5/16/2006,39.97,304.2,1292.08,13.35
5/17/2006,41.73,316.83,1270.32,16.26
5/18/2006,41.46,311.02,1261.81,16.99
5/19/2006,41.22,311.32,1267.03,17.18
5/22/2006,42.72,330.75,1262.07,17.72
5/23/2006,42.53,327.98,1256.58,18.26
5/24/2006,43.58,344.95,1258.57,17.36
5/25/2006,40.75,328.49,1272.88,15.5
5/26/2006,39.78,322.67,1280.16,14.26
5/30/2006,42.89,334.89,1259.84,18.66
5/31/2006,42.04,334.14,1270.09,16.44
6/1/2006,41.35,328.27,1285.71,14.52
6/2/2006,40.89,328.52,1288.22,14.32
6/5/2006,42.25,335.99,1265.29,16.65
6/6/2006,43.09,339.61,1263.85,17.34
6/7/2006,42.93,335.3,1256.15,17.8
6/8/2006,43.74,343.59,1257.93,18.35
6/9/2006,43.75,342.67,1252.3,18.12
6/12/2006,44.64,346.03,1236.4,20.96
6/13/2006,45.52,356.21,1223.69,23.81
6/14/2006,46.36,369.65,1230.04,21.46
6/15/2006,44.8,359.51,1256.16,15.9
6/16/2006,45.63,367.3,1251.54,17.25
6/19/2006,45.47,371.86,1240.14,17.83
6/20/2006,45.59,373.82,1240.12,16.69
6/21/2006,45.31,371.89,1252.2,15.52
6/22/2006,45.63,373.36,1245.6,15.88
6/23/2006,45.75,376.43,1244.5,15.89
6/26/2006,45.03,376.27,1250.56,15.62
6/27/2006,44.75,374.76,1239.2,16.4
6/28/2006,43.95,364.77,1246,15.79
6/29/2006,41.74,346.07,1272.87,13.03
6/30/2006,40.52,332.61,1270.2,13.08
7/3/2006,40.2,330.31,1280.19,13.05
7/5/2006,40.8,336.5,1270.91,14.15
7/6/2006,40.54,335.25,1274.08,13.65
7/7/2006,40.72,341.07,1265.48,13.97
7/10/2006,40.26,342.73,1267.34,14.02
7/11/2006,40.48,346.87,1272.52,13.14
7/12/2006,41.64,354.6,1258.6,14.49
7/13/2006,43.17,363.61,1242.29,17.79
7/14/2006,43.19,365.36,1236.2,18.05
7/17/2006,42.8,364.58,1234.49,18.64
7/18/2006,42.14,360.68,1236.86,17.74
7/19/2006,40.31,346.34,1259.81,15.55
7/20/2006,41.22,351.66,1249.13,16.21
7/21/2006,41.53,352.54,1240.29,17.4
7/24/2006,41.28,350.4,1260.91,14.98
7/25/2006,41.46,352.93,1268.88,14.85
7/26/2006,41.28,350.56,1268.4,14.62
7/27/2006,41.25,351.39,1263.2,14.94
7/28/2006,40.67,346.8,1278.55,14.33
7/31/2006,40.71,346.75,1276.66,14.95
8/1/2006,41.09,350.79,1270.92,15.05
8/2/2006,40.75,346.58,1278.55,14.34
8/3/2006,40.67,347.53,1280.27,14.46
8/4/2006,40.41,344.07,1279.36,14.34
8/7/2006,40.5,347.02,1275.77,15.23
8/8/2006,40.5,345.06,1271.48,15.23
8/9/2006,40.92,344.92,1265.95,15.2
8/10/2006,41.14,343.99,1271.81,14.46
8/11/2006,40.93,344.81,1266.74,14.3
8/14/2006,40.68,343.69,1268.21,14.26
8/15/2006,40.11,339.49,1285.58,13.42
8/16/2006,38.8,334.19,1295.43,12.41
8/17/2006,39,333.11,1297.48,12.24
8/18/2006,38.84,333.92,1302.3,11.64
8/21/2006,39.75,340.07,1297.52,12.22
8/22/2006,39.73,341.39,1298.82,12.19
8/23/2006,39.75,343.08,1292.99,12.4
8/24/2006,39.44,341.43,1296.06,12.4
8/25/2006,39.21,340.31,1295.09,12.31
8/29/2006,38.5,337.55,1304.28,12.28
8/30/2006,38.14,334.8,1304.27,12.22
8/31/2006,37.82,330.8,1303.82,12.31
9/1/2006,37.31,327.38,1311.01,11.96
9/5/2006,37,324.49,1313.25,12.63
9/6/2006,37.75,329.84,1300.26,13.74
9/7/2006,37.91,331.87,1294.02,13.88
9/8/2006,36.96,330.06,1298.92,13.16
9/11/2006,37.11,330.05,1299.54,12.99
9/12/2006,36.17,323.45,1313.11,11.92
9/13/2006,35.75,318.54,1318.07,11.18
9/14/2006,35.95,318.65,1316.28,11.55
9/15/2006,35.63,314.97,1319.87,11.76
9/18/2006,37.24,319.58,1321.18,11.78
9/19/2006,38.14,323.4,1318.31,11.98
9/20/2006,36.87,318.8,1325.18,11.39
9/21/2006,40.73,322.3,1318.03,12.25
9/22/2006,41.3,325.56,1314.78,12.59
9/25/2006,40.54,320.29,1326.37,12.12
9/26/2006,39.73,315.44,1336.34,11.53
9/27/2006,39.63,322.1799927,1336.59,11.58
9/28/2006,40.12,317.97,1339.15,11.72
9/29/2006,39.63,324.37,1335.85,11.98
10/2/2006,40.29,324.99,1331.32,12.57
10/3/2006,39.91,323.63,1334.11,12.24
10/4/2006,39.09,318.5,1350.22,11.86
10/5/2006,38.75,316.63,1353.22,11.98
10/6/2006,38.81,316.32,1349.58,11.56
10/10/2006,38.71,311.4,1353.42,11.52
10/11/2006,38.46,310.03,1349.95,11.62
10/12/2006,37.81,301.97,1362.83,11.09
10/13/2006,37.71,303.64,1365.62,10.75
10/16/2006,37.42,303.33,1369.05,11.09
10/17/2006,37.37,300.57,1364.05,11.73
10/18/2006,36.47,296.87,1365.96,11.34
10/19/2006,36.31,292.61,1366.96,10.9
10/20/2006,35.99,295.44,1368.6,10.63
10/23/2006,35.91,293.85,1377.02,11.08
10/24/2006,35.41,292.51,1377.38,10.78
10/25/2006,34.91,292.51,1382.22,10.66
10/26/2006,33.89,284.22,1389.08,10.56
10/27/2006,34.05,286.85,1377.34,10.8
10/30/2006,34.77,287.99,1377.93,11.2
10/31/2006,34.7,286.51,1377.94,11.1
11/1/2006,34.07,282.23,1367.81,11.51
11/2/2006,33.44,277.32,1367.34,11.42
11/3/2006,33.5,274.01,1364.3,11.16
11/6/2006,32.94,272.05,1379.78,11.16
11/7/2006,33.21,274.1,1382.84,11.09
11/8/2006,34.08,277.05,1385.72,10.75
11/9/2006,34.08,277.06,1378.33,11.01
11/10/2006,34.63,274.65,1380.9,10.79
11/13/2006,34.5,276.11,1384.42,10.86
11/14/2006,34.41,272.94,1393.22,10.5
11/15/2006,34.42,273.26,1396.57,10.31
11/16/2006,33.88,270.67,1399.76,10.16
11/17/2006,33.88,270.55,1401.2,10.05
11/20/2006,33.86,268.81,1400.5,9.97
11/21/2006,33.86,271.23,1402.81,9.9
11/22/2006,33.94,272.3,1406.09,10.14
11/24/2006,34.17,273.72,1400.95,10.73
11/27/2006,35.1,282.27,1381.9,12.3
11/28/2006,34.98,284.53,1386.72,11.62
11/29/2006,34.13,277.07,1399.48,10.83
11/30/2006,33.93,274.97,1400.63,10.91
12/1/2006,34.26,277.26,1396.71,11.66
12/4/2006,34.03,275.03,1409.12,11.23
12/5/2006,33.94,271.16,1414.76,11.27
12/6/2006,33.91,269.43,1412.9,11.33
12/7/2006,34.5,271.55,1407.29,12.67
12/8/2006,34.16,270.7,1409.84,12.07
12/11/2006,34.2,268.43,1413.04,10.71
12/12/2006,34.06,271.87,1411.56,10.65
12/13/2006,34.53,272,1413.21,10.18
12/14/2006,34.85,271.35,1425.49,9.97
12/15/2006,34.5,270.52,1427.09,10.05
12/18/2006,34.58,270.1,1422.48,10.6
12/19/2006,34.28,268.79,1425.55,10.3
12/20/2006,33.97,267.5,1423.53,10.26
12/21/2006,33.95,267.2,1418.3,10.53
12/22/2006,33.88,268.5,1410.76,11.36
12/27/2006,33.59,264.04,1426.84,10.64
12/28/2006,33.58,262.43,1424.73,10.99
12/29/2006,33.48,262.86,1418.3,11.56
1/3/2007,33.41,262.96,1416.6,12.04
1/4/2007,33.47,261.19,1418.34,11.51
1/5/2007,34.18,262.96,1409.71,12.14
1/8/2007,34.03,259.14,1412.84,12
1/9/2007,33.95,257.57,1412.11,11.91
1/10/2007,34.05,255.97,1414.85,11.47
1/11/2007,33.78,250.64,1423.82,10.87
1/12/2007,33.53,247.89,1430.73,10.15
1/16/2007,33.25,243.58,1431.9,10.74
1/17/2007,32.63,240.98,1430.62,10.59
1/18/2007,32.38,239.32,1426.37,10.85
1/19/2007,32.09,236.99,1430.5,10.4
1/22/2007,31.88,236.24,1422.95,10.77
1/23/2007,31.66,232.47,1427.99,10.34
1/24/2007,30.75,225.14,1440.13,9.89
1/25/2007,31.38,237.97,1423.9,11.22
1/26/2007,31.63,235.74,1422.18,11.13
1/29/2007,31.38,234.32,1420.62,11.45
1/30/2007,31.88,238.56,1428.82,10.96
1/31/2007,31.38,236.77,1438.24,10.42
2/1/2007,31.04,233.55,1445.94,10.31
2/2/2007,30.78,233.57,1448.39,10.08
2/5/2007,30.87,231.65,1446.99,10.55
2/6/2007,30.4,225.66,1448,10.65
2/7/2007,30.19,224.59,1450.02,10.32
2/8/2007,30.43,225.88,1448.31,10.44
2/9/2007,30.43,227.49,1438.06,11.1
2/12/2007,31.31,229.35,1433.37,11.61
2/13/2007,30.87,222.69,1444.26,10.34
2/14/2007,30.42,218.8,1455.3,10.23
2/15/2007,30.37,215.7,1456.81,10.22
2/16/2007,30.16,214.54,1455.54,10.02
2/20/2007,29.93,212.75,1459.68,10.24
2/21/2007,29.48,209.15,1457.63,10.2
2/22/2007,28.88,208.52,1456.38,10.18
2/23/2007,29.71,217.03,1451.19,10.58
2/26/2007,30.33,216.91,1449.37,11.15
2/27/2007,35.27,251.68,1399.04,18.31
2/28/2007,33.59,237.58,1406.82,15.42
3/1/2007,35.2,255.27,1403.17,15.82
3/2/2007,37.2,278,1387.17,18.61
3/5/2007,39.6,299.63,1374.12,19.63
3/6/2007,36.96,268.01,1395.41,15.96
3/7/2007,35.54,261.69,1391.97,15.24
3/8/2007,33.86,244.75,1401.89,14.29
3/9/2007,33.64,248.18,1402.85,14.09
3/12/2007,34.01,246.86,1406.6,13.99
3/13/2007,37,272.07,1377.95,18.13
3/14/2007,36.25,263.56,1387.17,17.27
3/15/2007,36.27,259.63,1392.28,16.43
3/16/2007,37.7,270.49,1386.95,16.79
3/19/2007,36.75,263.02,1402.06,14.59
3/20/2007,36.69,260.43,1410.94,13.27
3/21/2007,35.25,247.77,1435.04,12.19
3/22/2007,34.63,246.25,1434.54,12.93
3/23/2007,34.73,241.37,1436.11,12.95
3/26/2007,35.72,238.45,1437.5,13.16
3/27/2007,36.19,242.94,1428.61,13.48
3/28/2007,37.81,288.53,1417.23,14.98
3/29/2007,37.65,290.9,1422.53,15.14
3/30/2007,38.52,289.56,1420.86,14.64
4/2/2007,39.27,295.86,1424.55,14.53
4/3/2007,38.55,291.72,1437.77,13.46
4/4/2007,38.65,297.18,1439.37,13.24
4/5/2007,37.56,288.11,1443.76,13.23
4/10/2007,37.75,285.05,1448.39,12.68
4/11/2007,37.52,284.5,1438.87,13.49
4/12/2007,37.74,283.66,1447.8,12.71
4/13/2007,36.97,276.79,1452.85,12.2
4/16/2007,36.39,267.59,1468.47,11.98
4/17/2007,36,264.86,1471.48,12.14
4/18/2007,35.83,262.36,1472.5,12.42
4/19/2007,35.18,262.6,1470.73,12.54
4/20/2007,34.5,255.3,1484.35,12.07
4/23/2007,34.54,255.59,1480.93,13.04
4/24/2007,35.1,261.32,1480.41,13.12
4/25/2007,35.13,259.81,1495.42,13.21
4/26/2007,35.58,261.29,1494.25,12.79
4/27/2007,36.25,264.24,1494.07,12.45
4/30/2007,36.41,266.28,1482.37,14.22
5/1/2007,36.32,268.83,1486.3,13.51
5/2/2007,36.03,274.21,1495.92,13.08
5/3/2007,35.93,268.87,1502.39,13.09
5/4/2007,35.98,269.34,1505.62,12.91
5/8/2007,35.93,267.54,1507.72,13.21
5/9/2007,35.63,264.12,1512.58,12.88
5/10/2007,35.66,266.11,1491.47,13.6
5/11/2007,35.48,263.28,1505.85,12.95
5/14/2007,35.18,264.21,1503.15,13.96
5/15/2007,35.32,264.97,1501.19,14.01
5/16/2007,35.25,263.14,1514.14,13.5
5/17/2007,35.31,265.15,1512.75,13.51
5/18/2007,35,263.71,1522.75,12.76
5/21/2007,34.88,259.25,1525.1,13.3
5/22/2007,34.28,255.08,1524.12,13.06
5/23/2007,33.95,255.59,1522.28,13.24
5/24/2007,34.42,260.64,1507.51,14.08
5/25/2007,34.17,258.84,1515.73,13.34
5/29/2007,34.54,259.77,1518.11,13.53
5/30/2007,34.63,261.07,1530.23,12.83
5/31/2007,34.4,258.43,1530.62,13.05
6/1/2007,34.13,254.83,1536.34,12.78
6/4/2007,34,254.88,1539.18,13.29
6/5/2007,33.9,256.04,1530.95,13.63
6/6/2007,34.83,260.43,1517.38,14.87
6/7/2007,36.29,267.17,1490.72,17.06
6/8/2007,35.65,266.52,1507.67,14.84
6/11/2007,35.66,263.88,1509.12,14.71
6/12/2007,36.46,274.54,1493,16.67
6/13/2007,36.38,270.28,1515.67,14.73
6/14/2007,36.18,271.69,1522.97,13.64
6/15/2007,35.6,265.69,1532.91,13.94
6/18/2007,35.81,266.75,1531.05,13.42
6/19/2007,36.66,275.13,1533.7,12.85
6/20/2007,38.17,287.49,1512.84,14.67
6/21/2007,38.59,294.09,1522.19,14.21
6/22/2007,39.82,303.79,1502.56,15.75
6/25/2007,40.35,319.84,1497.74,16.65
6/26/2007,39.78,318.54,1492.89,18.89
6/27/2007,39.88,323.82,1506.34,15.53
6/28/2007,40.09,319.63,1505.71,15.54
6/29/2007,41.8,340.56,1503.35,16.23
7/2/2007,42,342.35,1519.43,15.4
7/3/2007,42.45,338.25,1524.87,14.92
7/5/2007,42.82,345.12,1525.4,15.48
7/6/2007,43.22,352.36,1530.44,14.72
7/9/2007,43.07,346.5,1531.85,15.16
7/10/2007,46.77,373.75,1510.12,17.57
7/11/2007,48.52,391.32,1518.76,16.64
7/12/2007,44.46,363.57,1547.7,15.54
7/13/2007,42.73,359.75,1552.5,15.15
7/16/2007,43.58,359.84,1549.52,15.59
7/17/2007,46.55,379.87,1549.37,15.63
7/18/2007,49.46,397.08,1546.17,16
7/19/2007,49.42,400.86,1553.08,15.23
7/20/2007,52.41,430.23,1534.1,16.95
7/23/2007,53.3,455.31,1541.57,16.81
7/24/2007,54.54,460.56,1511.04,18.55
7/25/2007,56.31,467.97,1518.09,18.1
7/26/2007,69.46,512.14,1482.66,20.74
7/27/2007,76.82,527.67,1458.95,24.17
7/30/2007,78.21,508.92,1473.91,20.87
7/31/2007,76.32,497.93,1455.27,23.52
8/1/2007,78.82,507.29,1465.81,23.67
8/2/2007,73.71,475.71,1472.2,21.22
8/3/2007,81.04,480.13,1433.06,25.16
8/6/2007,78.54,458.81,1467.67,22.94
8/7/2007,72.06,432.68,1476.71,21.56
8/8/2007,61.5,404.04,1497.49,21.45
8/9/2007,68.09,421.08,1453.09,26.48
8/10/2007,68.19,425.58,1453.64,28.3
8/13/2007,74.88,426.14,1452.92,26.57
8/14/2007,77.65,434.61,1426.54,27.68
8/15/2007,80.5,447.16,1406.7,30.67
8/16/2007,82,453.68,1411.27,30.83
8/17/2007,72.97,411.64,1445.94,29.99
8/20/2007,72.44,406.3,1445.55,26.33
8/21/2007,71.75,408.02,1447.12,25.25
8/22/2007,64.98,392.25,1464.07,22.89
8/23/2007,62.23,385.16,1462.5,22.62
8/24/2007,60.21,383.25,1479.37,20.72
8/28/2007,70.39,416.74,1432.36,26.3
8/29/2007,70.52,412.73,1463.76,23.81
8/30/2007,72.54,419.64,1457.64,25.06
8/31/2007,67.54,407.03,1473.99,23.38
9/4/2007,66.69,402.56,1489.42,22.78
9/5/2007,69.5,409.86,1472.29,24.58
9/6/2007,70.38,406.81,1478.55,23.99
9/7/2007,73.54,415.81,1453.55,26.23
9/10/2007,76.45,422.81,1451.7,27.38
9/11/2007,74.84,417.25,1471.49,25.27
9/12/2007,72.34,411.66,1471.56,24.96
9/13/2007,69.39,400.71,1483.95,24.76
9/14/2007,67.1,388.2,1484.25,24.92
9/17/2007,67.67,387.16,1476.65,26.48
9/18/2007,60.02,358.22,1519.78,20.35
9/19/2007,57.5,348.71,1529.03,20.03
9/20/2007,57,346.44,1518.75,20.45
9/21/2007,49.92,335.02,1525.75,19
9/24/2007,50.9,329.68,1517.73,19.37
9/25/2007,52.89,335.05,1517.21,18.6
9/26/2007,52.1,329.54,1525.42,17.63
9/27/2007,52.95,332.87,1531.38,17
9/28/2007,55.79,348.97,1526.75,18
10/1/2007,54.31,397.1772392,1547.04,17.84
10/2/2007,52.58,389.8029445,1546.63,18.49
10/3/2007,51.1,387.557285,1539.59,18.8
10/4/2007,50.63,390.678973,1542.84,18.44
10/5/2007,48.54,379.5723704,1557.59,16.91
10/9/2007,45.09,367.0674443,1565.15,16.12
10/10/2007,45.53,364.7514925,1562.47,16.67
10/11/2007,46.59,362.1300054,1554.41,18.88
10/12/2007,46.61,358.6212881,1561.8,17.73
10/15/2007,46.98,364.6056382,1548.71,19.25
10/16/2007,50.66,374.9397079,1538.53,20.02
10/17/2007,52.21,383.0420324,1541.24,18.54
10/18/2007,54.09,393.9324067,1540.08,18.5
10/19/2007,60.56,430.651213,1500.63,22.96
10/22/2007,58.16,416.4130427,1506.33,21.64
10/23/2007,58.15,409.6792791,1519.59,20.41
10/24/2007,60.14,414.4093732,1515.88,20.8
10/25/2007,61,418.5070801,1514.4,21.17
10/26/2007,59.39,417.1420639,1535.28,19.56
10/29/2007,59.14,414.8427943,1540.98,19.87
10/30/2007,61.25,424.965263,1531.02,21.07
10/31/2007,60.35,419.75,1549.38,18.53
11/1/2007,67.42,450.208563,1508.44,23.21
11/2/2007,70.12,458.8293928,1509.65,23.01
11/5/2007,70.39,462.9202848,1502.17,24.31
11/6/2007,68.35,452.465893,1520.27,21.39
11/7/2007,74.45,478.9318905,1475.62,26.49
11/8/2007,75.31,481.0140112,1474.77,26.16
11/9/2007,77.49,495.9955831,1453.7,28.5
11/12/2007,75.88,490.631285,1439.18,31.09
11/13/2007,72.28,485.266987,1481.05,24.1
11/14/2007,72.58,489.0782605,1470.58,25.94
11/15/2007,76.25,503.5748149,1451.15,28.06
11/16/2007,77.29,513.7918285,1458.74,25.49
11/19/2007,80.93,532.6819676,1433.27,26.01
11/20/2007,81.93,532.533823,1439.7,24.88
11/21/2007,84.17,545.1150454,1416.77,26.84
11/23/2007,80.33,523.3671801,1440.7,25.61
11/26/2007,84.97,541.5960744,1407.22,28.91
11/27/2007,84.14,528.0189058,1428.23,26.28
11/28/2007,77.31,499.4112427,1469.02,24.11
11/29/2007,77.75,495.1458743,1469.72,23.97
11/30/2007,76.42,492.9642486,1481.14,22.87
12/3/2007,79.54,501.2246637,1472.42,23.61
12/4/2007,79.88,503.1329891,1462.79,23.79
12/5/2007,79.52,489.4970351,1485.01,22.53
12/6/2007,76.47,471.4990691,1507.34,20.96
12/7/2007,76.14,473.956162,1504.66,20.85
12/10/2007,72.88,460.4846103,1515.96,20.74
12/11/2007,78.94,497.4267383,1477.65,23.59
12/12/2007,75.98,483.7685295,1486.59,22.47
12/13/2007,74.69,477.9180711,1488.41,22.56
12/14/2007,75.29,484.214654,1467.95,23.27
12/17/2007,78.59,491.694796,1445.9,24.52
12/18/2007,76.69,489.2551234,1454.98,22.64
12/19/2007,77.14,490.8428229,1453,21.68
12/20/2007,78.52,492.833541,1460.12,20.58
12/21/2007,78.34,491.4092413,1484.46,18.47
12/24/2007,77.06,487.1774684,1496.45,18.6
12/27/2007,77.53,492.396112,1476.37,20.26
12/28/2007,77.65,491.3087751,1478.49,20.74
12/31/2007,77.88,492.2819456,1468.36,22.5
1/2/2008,80.97,504.9459602,1447.16,23.17
1/3/2008,83.78,518.331383,1447.16,22.49
1/4/2008,88.63,539.9455236,1411.63,23.94
1/7/2008,91.89,550.422863,1416.18,23.79
1/8/2008,96.48,564.4105681,1390.19,25.43
1/9/2008,98.97,560.7514549,1409.13,24.12
1/10/2008,93.11,555.4858344,1420.33,23.45
1/11/2008,97.52,566.2209102,1401.02,23.68
1/14/2008,96.67,564.6173938,1416.25,22.9
1/15/2008,99.34,578.8521034,1380.95,23.34
1/16/2008,100.82,588.613413,1373.2,24.38
1/17/2008,108.14,615.6734995,1333.25,28.46
1/18/2008,109.88,624.0110342,1325.19,27.18
1/22/2008,117.83,651.0360077,1310.5,31.01
1/23/2008,109.35,613.315526,1338.6,29.02
1/24/2008,103.79,594.3124775,1352.07,27.78
1/25/2008,105.86,606.2719638,1330.61,29.08
1/28/2008,106.45,603.4487115,1353.97,27.78
1/29/2008,101.44,583.6924269,1362.3,27.32
1/30/2008,107.86,603.3271878,1355.81,27.62
1/31/2008,108.41,614.4081886,1378.55,26.2
2/1/2008,106.53,608.8729275,1395.42,24.02
2/4/2008,109.39,628.162113,1380.82,25.99
2/5/2008,117.09,654.6520808,1336.64,28.24
2/6/2008,122.41,671.8372003,1326.45,28.97
2/7/2008,124.04,686.7437386,1336.91,27.66
2/8/2008,129.68,715.313081,1331.29,28.01
2/11/2008,135.23,732.8497265,1339.13,27.6
2/12/2008,143.09,736.2628889,1348.86,26.33
2/13/2008,137.39,695.9887743,1367.21,24.88
2/14/2008,140.16,708.3575312,1348.86,25.54
2/15/2008,145.75,732.4283994,1349.99,25.02
2/19/2008,153.53,748.3192276,1348.78,25.59
2/20/2008,156.58,749.3219794,1360.03,24.4
2/21/2008,157.21,737.3109588,1342.53,25.12
2/22/2008,153.16,723.0238049,1353.11,24.06
2/25/2008,141.56,651.9591544,1371.8,23.03
2/26/2008,135,651.8142688,1381.29,21.9
2/27/2008,138.94,664.9913044,1380.02,22.69
2/28/2008,152.31,707.82,1367.68,23.53
2/29/2008,165.38,721.48,1330.63,26.54
3/3/2008,164,726.72,1331.34,26.28
3/4/2008,165.47,723.73,1326.75,25.52
3/5/2008,164.7,716.72,1333.7,24.6
3/6/2008,183.96,761.91,1304.34,27.55
3/7/2008,177.96,759.15,1293.37,27.49
3/10/2008,193.39,776.82,1273.37,29.38
3/11/2008,176.67,738.39,1320.65,26.36
3/12/2008,182.63,746.23,1308.77,27.22
3/13/2008,187.63,756.65,1315.48,27.29
3/14/2008,191,766.58,1288.14,31.16
3/17/2008,184.58,771.25,1276.6,32.24
3/18/2008,161,714.95,1330.74,25.79
3/19/2008,162.46,726.76,1298.42,29.84
3/20/2008,159.54,718.26,1329.51,26.62
3/25/2008,127.2,649.08,1352.99,25.72
3/26/2008,133.89,653,1341.13,26.08
3/27/2008,140.75,664.83,1325.76,25.88
3/28/2008,141.88,684.96,1315.22,25.71
3/31/2008,143.32,684.05,1322.7,25.61
4/1/2008,130.58,676.91,1370.18,22.68
4/2/2008,118.78,651.61,1367.53,23.43
4/3/2008,113.71,643.59,1369.31,23.21
4/4/2008,108.94,617.27,1370.4,22.45
4/7/2008,110.65,618.51,1372.54,22.42
4/8/2008,117.84,647.46,1365.54,22.36
4/9/2008,123.19,659.93,1354.49,22.81
4/10/2008,122.08,652.06,1360.55,21.98
4/11/2008,128.67,667.05,1332.83,23.46
4/14/2008,130.5,659.73,1328.32,23.82
4/15/2008,123.31,646.39,1334.43,22.78
4/16/2008,113.03,613.52,1364.71,20.53
4/17/2008,110,608.57,1365.56,20.37
4/18/2008,102.57,584.09,1390.33,20.13
4/21/2008,102,587.47,1388.17,20.5
4/22/2008,106.28,594.94,1375.94,20.87
4/23/2008,106.69,590.01,1379.93,20.26
4/24/2008,105.25,581.9,1388.82,20.06
4/25/2008,99.81,565.64,1397.84,19.59
4/28/2008,94.01,562.26,1396.37,19.64
4/29/2008,94.28,564.75,1390.94,20.24
4/30/2008,95.58,562.19,1385.59,20.79
5/1/2008,86.88,538.28,1409.34,18.88
5/2/2008,86.04,523.75,1413.9,18.18
5/6/2008,92.5,548.73,1418.26,18.21
5/7/2008,102.44,571.91,1392.57,19.73
5/8/2008,104.25,589.78,1397.68,19.4
5/9/2008,104.54,588.82,1388.28,19.41
5/12/2008,99.66,579.53,1403.58,17.79
5/13/2008,98.36,575.77,1403.04,17.98
5/14/2008,95.5,562.35,1408.66,17.66
5/15/2008,90.14,538.95,1423.57,16.3
5/16/2008,91.32,539.05,1425.35,16.47
5/19/2008,91.18,534.26,1426.63,17.01
5/20/2008,93.33,546.34,1413.4,17.58
5/21/2008,100.5,563.26,1390.71,18.59
5/22/2008,104.95,580.84,1394.35,18.05
5/23/2008,109.81,597.65,1375.93,19.55
5/27/2008,106.81,593.72,1385.35,19.64
5/28/2008,103.86,585.83,1390.84,19.07
5/29/2008,103.5,579.06,1398.26,18.14
5/30/2008,101.97,571,1400.38,17.83
6/2/2008,107.67,585.19,1385.67,19.83
6/3/2008,110.47,596.07,1377.65,20.24
6/4/2008,113,597.29,1377.2,20.8
6/5/2008,108.02,580.67,1404.05,18.63
6/6/2008,115.63,605.08,1360.68,23.56
6/9/2008,115.58,608.45,1361.76,23.12
6/10/2008,118.27,618,1358.44,23.18
6/11/2008,120.88,626.48,1335.49,24.12
6/12/2008,116.84,619.6,1339.87,23.33
6/13/2008,114.38,606.21,1360.03,21.22
6/16/2008,111.97,603.55,1360.14,20.95
6/17/2008,108.74,593.7,1350.93,21.13
6/18/2008,113.03,607.14,1337.81,22.24
6/19/2008,117.48,614.62,1342.83,21.58
6/20/2008,124.62,628.19,1317.93,22.87
6/23/2008,125.71,638.96,1318,22.64
6/24/2008,131.49,652.64,1314.29,22.42
6/25/2008,133.75,655.9,1321.97,21.14
6/26/2008,137.58,670.79,1283.15,23.93
6/27/2008,142.77,673.17,1278.38,23.44
6/30/2008,139.5,670.28,1280,23.95
7/1/2008,141.48,680.65,1284.91,23.65
7/2/2008,146.97,698.19,1261.52,25.92
7/3/2008,147.32,707.85,1262.9,24.78
7/7/2008,148.31,720.32,1252.31,25.78
7/8/2008,143.31,701.96,1273.7,23.15
7/9/2008,142.75,712.12,1244.69,25.23
7/10/2008,143.37,717.82,1253.39,25.59
7/11/2008,138.5,702.26,1239.49,27.49
7/14/2008,140.81,703.67,1228.3,28.48
7/15/2008,143.66,714.31,1214.91,28.54
7/16/2008,137.92,697.67,1245.36,25.1
7/17/2008,141.44,700.4,1260.32,25.01
7/18/2008,137.09,684.69,1260.68,24.05
7/21/2008,136.84,681.57,1260,23.05
7/22/2008,134.17,671.92,1277,21.18
7/23/2008,132.75,676.15,1282.19,21.31
7/24/2008,135.79,686.29,1252.54,23.44
7/25/2008,135.52,689.24,1257.76,22.91
7/28/2008,137.14,697.6,1234.37,24.23
7/29/2008,131.64,683.34,1263.2,22.03
7/30/2008,129.41,677.31,1284.26,21.21
7/31/2008,132.48,692.75,1267.38,22.94
8/1/2008,131.83,697.98,1260.31,22.57
8/4/2008,133.95,717.45,1249.01,23.49
8/5/2008,130.78,704.79,1284.88,21.14
8/6/2008,131.46,701.13,1289.19,20.23
8/7/2008,134.52,716.09,1266.07,21.15
8/8/2008,131.79,706.97,1296.32,20.66
8/11/2008,130.48,696.95,1305.32,20.12
8/12/2008,133.33,705.05,1289.59,21.17
8/13/2008,135.11,712.07,1285.83,21.55
8/14/2008,135.2,712.86,1292.93,20.34
8/15/2008,134.52,706.44,1298.2,19.58
8/18/2008,137.92,712.11,1278.6,20.98
8/19/2008,143.17,728.52,1266.69,21.28
8/20/2008,144.89,726.09,1274.54,20.42
8/21/2008,144.96,724.41,1277.72,19.82
8/22/2008,140.21,711.37,1292.2,18.81
8/26/2008,144.05,723.37,1271.51,20.49
8/27/2008,144.34,719.04,1281.66,19.76
8/28/2008,141.77,708.12,1300.68,19.43
8/29/2008,143.43,714.52,1282.83,20.65
9/2/2008,142.53,709.6,1277.58,21.99
9/3/2008,142.33,699.62,1274.98,21.43
9/4/2008,146.75,711.7,1236.83,24.03
9/5/2008,144.89,697.95,1242.31,23.06
9/8/2008,138.09,678.32,1267.79,22.64
9/9/2008,145.81,690.65,1224.51,25.47
9/10/2008,147.13,691.97,1232.04,24.52
9/11/2008,146.05,686.97,1249.05,24.39
9/12/2008,151.85,692.24,1251.7,25.66
9/15/2008,189.67,787.9,1192.7,31.7
9/16/2008,198,800.09,1213.59,30.3
9/17/2008,196.33,815.64,1156.39,36.22
9/18/2008,173.67,766.2,1206.51,33.1
9/19/2008,156.33,719.16,1255.08,32.07
9/22/2008,149.33,745.96,1207.09,33.85
9/23/2008,154.83,781.69,1188.22,35.72
9/24/2008,166.17,798.88,1185.87,35.19
9/25/2008,158.33,777.02,1209.18,32.82
9/26/2008,159.83,780.42,1213.01,34.74
9/29/2008,179.33,815.13,1106.39,46.72
9/30/2008,166.5,797.9,1166.36,39.39
10/1/2008,170.5,811.34,1161.06,39.81
10/2/2008,171.5,849.1,1114.28,45.26
10/3/2008,166.33,842.81,1099.23,45.14
10/6/2008,178.19,934.9,1056.89,52.05
10/7/2008,180.07,971.28,996.23,53.68
10/8/2008,176.94,1003.73,984.94,57.53
10/9/2008,197.67,1087.58,909.92,63.92
10/10/2008,215.43,1129.33,899.22,69.95
10/14/2008,176.96,1044.04,998.01,55.13
10/15/2008,195.4,1144.51,907.84,69.25
10/16/2008,196,1163.44,946.43,67.61
10/17/2008,194.5,1140.27,940.55,70.33
10/20/2008,186.54,1066.14,985.4,52.97
10/21/2008,186.83,1055.38,955.05,53.11
10/22/2008,204.57,1124.4,896.78,69.65
10/23/2008,211.17,1123.32,908.11,67.8
10/24/2008,224.42,1190.3,876.77,79.13
10/27/2008,225,1211.69,848.92,80.06
10/28/2008,212.25,1156.68,940.51,66.96
10/29/2008,207.93,1132.59,930.09,69.96
10/30/2008,197.82,1103.88,954.09,62.9
10/31/2008,202.92,1102.54,968.75,59.89
11/3/2008,198.19,1095.22,966.3,53.68
11/4/2008,181.86,1051,1005.75,47.73
11/5/2008,187.43,1080.88,952.77,54.56
11/6/2008,195.06,1126.96,904.88,63.68
11/7/2008,188.29,1122.98,930.99,56.1
11/10/2008,186.83,1119.05,919.21,59.98
11/12/2008,199.96,1173.12,852.3,66.46
11/13/2008,199.38,1158.57,911.29,59.83
11/14/2008,204,1189.57,873.29,66.31
11/17/2008,212.53,1229.19,850.75,69.15
11/18/2008,227.58,1258.53,859.12,67.64
11/19/2008,244.75,1375.63,806.58,74.26
11/20/2008,279.67,1524.6,752.44,80.86
11/21/2008,266.5,1545.91,800.03,72.67
11/24/2008,256.42,1492.79,851.81,64.7
11/25/2008,242.83,1417.32,857.39,60.9
11/26/2008,233.42,1375.79,887.68,54.92
11/28/2008,236.25,1385.03,896.24,55.28
12/1/2008,260.21,1469.72,816.21,68.51
12/2/2008,259.57,1436.29,848.81,62.98
12/3/2008,262.36,1446.29,870.74,60.72
12/4/2008,276.83,1461.04,845.22,63.64
12/5/2008,273.92,1460.85,876.07,59.93
12/8/2008,259,1406.71,909.7,58.49
12/9/2008,266.5,1427.8,888.67,58.91
12/10/2008,260.67,1438.4,899.24,55.73
12/11/2008,261.17,1454.21,873.59,55.78
12/12/2008,263.33,1468.4,879.73,54.28
12/15/2008,263.93,1483.72,868.57,56.76
12/16/2008,244,1440.37,913.18,52.37
12/17/2008,222.92,1344.6,904.42,49.84
12/18/2008,222.42,1301.67,885.28,47.34
12/19/2008,215.17,1265.39,887.88,44.93
12/22/2008,214.71,1249.19,871.63,44.56
12/23/2008,210.75,1233.4,863.16,45.02
12/24/2008,209,1189.1,868.15,44.21
12/29/2008,203.57,1162.92,869.42,43.9
12/30/2008,196.14,1140.94,890.64,41.63
12/31/2008,197.1,1142.94,903.25,40
1/2/2009,198.36,1142.85,931.8,39.19
1/5/2009,206.79,1152.17,927.45,39.08
1/6/2009,194.96,1081.83,934.7,38.56
1/7/2009,201.8,1121.26,906.65,43.39
1/8/2009,202.5,1167.6,909.73,42.56
1/9/2009,202,1172.89,890.35,42.82
1/12/2009,213.79,1250.54,870.26,45.84
1/13/2009,218,1262.38,871.79,43.27
1/14/2009,220.17,1301.36,842.62,49.14
1/15/2009,216,1317.39,843.74,51
1/16/2009,215.36,1315.27,850.12,46.11
1/20/2009,222.75,1372.1,805.22,56.65
1/21/2009,215.79,1366.02,840.24,46.42
1/22/2009,214.83,1381.83,827.5,47.29
1/23/2009,207.43,1394.59,831.95,47.27
1/26/2009,208.14,1395.67,836.57,45.69
1/27/2009,198.64,1371.74,845.71,42.25
1/28/2009,192.14,1308.31,874.09,39.66
1/29/2009,196.5,1384.9,845.14,42.63
1/30/2009,198.07,1420.08,825.88,44.84
2/2/2009,202.5,1465.77,825.44,45.52
2/3/2009,195.86,1458.48,838.51,43.06
2/4/2009,197.75,1457.42,832.23,43.85
2/5/2009,200.08,1488.25,845.85,43.73
2/6/2009,194.08,1441.99,868.6,43.37
2/9/2009,188,1404.85,869.89,43.64
2/10/2009,196.42,1452.86,827.16,46.67
2/11/2009,192.86,1465.08,833.74,44.53
2/12/2009,196.46,1466.95,835.19,41.25
2/13/2009,199.08,1474.3,826.84,42.93
2/17/2009,212.36,1506.65,789.17,48.66
2/18/2009,211.75,1510.67,788.42,48.46
2/19/2009,209.58,1486.98,778.94,47.08
2/20/2009,212,1524.65,770.05,49.3
2/23/2009,217.61,1536.08,743.33,52.62
2/24/2009,215.08,1474.59,773.14,45.49
2/25/2009,215.07,1500.93,764.9,44.67
2/26/2009,217.21,1522.24,752.83,44.66
2/27/2009,224.42,1573.07,735.09,46.35
3/2/2009,239.39,1665.73,700.82,52.65
3/3/2009,241.67,1733.37,696.33,50.93
3/4/2009,241.5,1757.84,712.87,47.56
3/5/2009,247.71,1814.01,682.55,50.17
3/6/2009,250.33,1824.44,683.38,49.33
3/9/2009,262.04,1893.56,676.53,49.68
3/10/2009,241.96,1772.4,719.6,44.37
3/11/2009,244.57,1763.12,721.36,43.61
3/12/2009,235.32,1687.45,750.74,41.18
3/13/2009,235.86,1685.2,756.55,42.36
3/16/2009,235.71,1695,753.89,43.74
3/17/2009,236.71,1692.95,778.12,40.8
3/18/2009,228.57,1674.47,794.35,40.06
3/19/2009,229.54,1712.23,784.04,43.68
3/20/2009,198.67,1751.2,768.54,45.89
3/23/2009,185.29,1668.36,822.92,43.23
3/24/2009,185.14,1668.22,806.12,42.93
3/25/2009,182.21,1641.38,813.88,42.25
3/26/2009,179.32,1619.07,832.86,40.36
3/27/2009,183.35,1475.81,815.94,41.04
3/30/2009,192.75,1542.83,787.53,45.54
3/31/2009,195.57,1544.14,797.87,44.14
4/1/2009,201.79,1533.92,811.08,42.28
4/2/2009,197.75,1456.49,834.38,42.04
4/3/2009,188.82,1398.07,842.5,39.7
4/6/2009,188.93,1400.23,835.48,40.93
4/7/2009,189.63,1315.22,815.55,40.39
4/8/2009,189.17,1320.22,825.16,38.85
4/9/2009,182.21,1282.79,856.56,36.53
4/14/2009,177.88,1243.7,841.5,37.67
4/15/2009,176.29,1245.9,852.06,36.17
4/16/2009,174.2,1243.34,865.3,35.79
4/17/2009,177.5,1247.53,869.6,33.94
4/20/2009,186.92,1284.19,832.39,39.18
4/21/2009,188.17,1311.43,850.08,37.14
4/22/2009,185.63,1314.3,843.55,38.1
4/23/2009,180.63,1290.84,851.92,37.15
4/24/2009,174.82,1234.18,866.23,36.82
4/27/2009,176.71,1243.19,857.51,38.32
4/28/2009,177.11,1231.55,855.16,37.95
4/29/2009,168.64,1162.06,873.64,36.08
4/30/2009,162.67,1117.31,872.81,36.5
5/1/2009,163.5,1120.17,877.52,35.3
5/5/2009,156.83,1103.36,903.8,33.36
5/6/2009,145.38,1047.09,919.53,32.45
5/7/2009,146.07,1029.01,907.39,33.44
5/8/2009,143.33,1007.96,929.23,32.05
5/11/2009,149.5,1037.25,909.24,32.87
5/12/2009,148.48,1053.9,908.35,31.8
5/13/2009,153.17,1093.16,883.92,33.65
5/14/2009,155.17,1127,893.07,31.37
5/15/2009,156.92,1149.87,882.88,33.12
5/18/2009,148.7,1114.58,909.71,30.24
5/19/2009,144.64,1084.97,908.13,28.8
5/20/2009,143.96,1085.16,903.47,29.03
5/21/2009,146.21,1101.44,888.33,31.35
5/22/2009,146.96,1102.86,887,32.63
5/26/2009,145.5,1094.62,910.33,30.62
5/27/2009,147.08,1104.61,893.06,32.36
5/28/2009,144.42,1079.99,906.83,31.67
5/29/2009,138.93,1029.91,919.14,28.92
6/1/2009,129.21,955.29,942.87,30.04
6/2/2009,123.18,925.88,944.74,29.63
6/3/2009,123.96,957.51,931.76,31.02
6/4/2009,123.13,972.37,942.46,30.18
6/5/2009,120.54,944.76,940.09,29.62
6/8/2009,124.88,960.97,939.14,29.77
6/9/2009,123.33,942.12,942.43,28.27
6/10/2009,125.04,948,939.15,28.46
6/11/2009,126.04,937.89,944.89,28.11
6/12/2009,123.36,901.33,946.21,28.15
6/15/2009,128.83,904.12,923.72,30.81
6/16/2009,135.71,958.52,911.97,32.68
6/17/2009,139.54,992.17,910.71,31.54
6/18/2009,142.58,1034.35,918.37,30.03
6/19/2009,141.38,1045.07,921.23,27.99
6/22/2009,145.29,1058.59,893.04,31.17
6/23/2009,145.42,1046.8,895.1,30.58
6/24/2009,140.71,999.92,900.94,29.05
6/25/2009,138.96,992.21,920.26,26.36
6/26/2009,139.43,996.92,918.9,25.93
6/29/2009,135.08,961.95,927.23,25.35
6/30/2009,131.46,952.45,919.32,26.35
7/1/2009,131,941.91,923.33,26.22
7/2/2009,137.25,968.96,896.42,27.95
7/6/2009,139.64,979.92,898.72,29
7/7/2009,142.79,1001.06,881.03,30.85
7/8/2009,144.79,1011.96,879.56,31.3
7/9/2009,142.18,999.11,882.68,29.78
7/10/2009,144.61,988.08,879.13,29.02
7/13/2009,142.17,974.62,901.05,26.31
7/14/2009,138.33,959.25,905.84,25.02
7/15/2009,131,922.05,932.68,25.89
7/16/2009,130.39,927.43,940.74,25.42
7/17/2009,130.67,925.99,940.38,24.34
7/20/2009,125.17,894.99,951.13,24.4
7/21/2009,122.75,883.88,954.58,23.87
7/22/2009,124.36,883.42,954.07,23.47
7/23/2009,118.17,847.65,976.29,23.43
7/24/2009,118.42,843.76,979.26,23.09
7/27/2009,114.07,817.43,982.18,24.28
7/28/2009,115.82,819.63,979.62,25.01
7/29/2009,115.83,808.91,975.15,25.61
7/30/2009,113.18,785.12,986.75,25.4
7/31/2009,110.96,754.45,987.48,25.92
8/3/2009,111,734.25,1002.63,25.56
8/4/2009,112.93,752.45,1005.65,24.89
8/5/2009,112.36,753.39,1002.72,24.9
8/6/2009,110.92,750.76,997.08,25.67
8/7/2009,105.29,736.96,1010.48,24.76
8/10/2009,106.1,742.17,1007.1,24.99
8/11/2009,113.17,780.03,994.35,25.99
8/12/2009,113.58,790.61,1005.81,25.45
8/13/2009,114.58,803.41,1012.73,24.71
8/14/2009,116.62,831.56,1004.09,24.27
8/17/2009,121.67,879.21,979.73,27.89
8/18/2009,120,830.34,989.67,26.18
8/19/2009,122.71,853.38,996.46,26.26
8/20/2009,120.08,836.04,1007.37,25.09
8/21/2009,114.36,801.41,1026.13,25.01
8/24/2009,114.86,796.31,1025.57,25.14
8/25/2009,115,804.03,1028,24.92
8/26/2009,114.79,812.85,1028.12,24.95
8/27/2009,114.64,811.09,1030.98,24.68
8/28/2009,115.21,824.68,1028.93,24.76
9/1/2009,121.89,851.78,998.04,29.15
9/2/2009,124.13,864.51,994.75,28.9
9/3/2009,123.79,863.88,1003.24,27.1
9/4/2009,121.38,855.38,1016.4,25.26
9/8/2009,115.94,806.42,1025.39,25.62
9/9/2009,113.21,784.86,1033.37,24.32
9/10/2009,110.19,747.32,1044.14,23.55
9/11/2009,110.79,720.08,1042.73,24.15
9/14/2009,107.21,696.95,1049.34,23.86
9/15/2009,104.16,651.39,1052.63,23.42
9/16/2009,98.34,633.19,1068.76,23.69
9/17/2009,101.79,647.73,1065.49,23.65
9/18/2009,102.56,656.11,1068.3,23.92
9/21/2009,92.17,655.21,1064.66,24.06
9/22/2009,91.25,626.2,1071.66,23.08
9/23/2009,93.25,630.569041,1060.87,23.49
9/24/2009,95.88999939,630.569041,1050.78,24.95
9/25/2009,100,650.92,1044.38,25.61
9/28/2009,96.62,637.49,1062.98,24.88
9/29/2009,98.19,675.1,1060.61,25.19
9/30/2009,102.19,710.32,1057.08,25.61
10/1/2009,109.92,736.27,1029.85,28.27
10/2/2009,107.29,711.6,1025.21,28.68
10/5/2009,102.5,672.39,1040.46,26.84
10/6/2009,102.71,675.3,1054.72,25.7
10/7/2009,103.11,671.74,1057.58,24.68
10/8/2009,103.29,669.99,1065.48,24.18
10/9/2009,102.36,668.72,1071.49,23.12
10/13/2009,100.72,648.96,1073.19,22.99
10/14/2009,96.04,626.39,1092.02,22.86
10/15/2009,96.58,634.24,1096.56,21.72
10/16/2009,98.11,635.36,1087.68,21.43
10/19/2009,96.42,628.16,1097.91,21.49
10/20/2009,98.13,632.16,1091.06,20.9
10/21/2009,101.54,650.06,1081.4,22.22
10/22/2009,98.91,634.59,1092.91,20.69
10/23/2009,99.62,637.99,1079.6,22.27
10/26/2009,102.18,650.01,1066.95,24.31
10/27/2009,104.18,668.49,1063.41,24.83
10/28/2009,109.25,700.98,1042.63,27.91
10/29/2009,103,665.51,1066.11,24.76
10/30/2009,108.63,698.83,1036.19,30.69
11/2/2009,108,701.36,1042.88,29.78
11/3/2009,107.11,704.34,1045.41,28.81
11/4/2009,105.5,693.37,1046.5,27.72
11/5/2009,104.04,683.75,1066.63,25.43
11/6/2009,103,679.02,1069.3,24.19
11/9/2009,98.32,661.63,1093.08,23.15
11/10/2009,98.11,654.86,1093.01,22.84
11/12/2009,99.64,655.63,1087.24,24.24
11/13/2009,99.32,664.19,1093.48,23.36
11/16/2009,98.89,650.11,1109.3,22.89
11/17/2009,99.56,647.15,1110.32,22.41
11/18/2009,99.55,650.97,1109.8,21.63
11/19/2009,102.04,657.37,1094.9,22.63
11/20/2009,102.63,665.16,1091.38,22.19
11/23/2009,101.88,655.09,1106.24,21.16
11/24/2009,102.5,665.97,1105.65,20.47
11/25/2009,102.32,659.5,1110.63,20.48
11/27/2009,106.33,684.72,1091.49,24.74
11/30/2009,106.3,672.8,1095.63,24.51
12/1/2009,102.57,651.58,1108.86,21.92
12/2/2009,101.32,641.58,1109.24,21.12
12/3/2009,101.21,639.71,1099.92,22.46
12/4/2009,99.42,623.08,1105.98,21.25
12/7/2009,97.07,612.45,1103.25,22.1
12/8/2009,97.54,612.87,1091.94,23.69
12/9/2009,97.57,612.04,1095.95,22.66
12/10/2009,95.88,607.61,1102.35,22.32
12/11/2009,93.57,584.56,1106.41,21.59
12/14/2009,91.29,562,1114.11,21.15
12/15/2009,92,575.53,1107.93,21.49
12/16/2009,90.04,556.59,1109.18,20.54
12/17/2009,90.93,562.31,1096.08,22.51
12/18/2009,88.57,542.46,1102.47,21.68
12/21/2009,85.61,518.48,1114.05,20.49
12/22/2009,84.23,512.77,1118.02,19.54
12/23/2009,83.64,510.31,1120.59,19.71
12/24/2009,82.7,500.89,1126.48,19.47
12/29/2009,82.89,500.9,1126.2,20.01
12/30/2009,84.29,508.37,1126.42,19.96
12/31/2009,85.17,517.87,1115.1,21.68
1/4/2010,82.04,487.02,1132.99,20.04
1/5/2010,80.68,483.12,1136.52,19.35
1/6/2010,76.96,483.34,1137.14,19.16
1/7/2010,78.85,488.71,1141.69,19.06
1/8/2010,77.71,484.21,1144.98,18.13
1/11/2010,75.79,468.32,1146.98,17.55
1/12/2010,78.64,483.77,1136.22,18.25
1/13/2010,79.25,482.96,1145.68,17.85
1/14/2010,80.32,486.44,1148.46,17.63
1/15/2010,83.5,502.24,1136.03,17.91
1/19/2010,84.5,506.9,1150.23,17.58
1/20/2010,84.91,508.37,1138.04,18.68
1/21/2010,90.11,545.96,1116.48,22.27
1/22/2010,95.92,575.5,1091.76,27.31
1/25/2010,95.04,574.16,1096.78,25.41
1/26/2010,94,567.09,1092.17,24.55
1/27/2010,95.29,569.37,1097.5,23.14
1/28/2010,95.96,567.59,1084.53,23.73
1/29/2010,96.61,575.03,1073.87,24.62
2/1/2010,94.89,575.92,1089.19,22.59
2/2/2010,92.5,554.25,1103.32,21.48
2/3/2010,92,543.64,1097.28,21.6
2/4/2010,99.45,580.15,1063.11,26.08
2/5/2010,101.48,601.62,1066.19,26.11
2/8/2010,106.23,633.45,1056.74,26.51
2/9/2010,102.43,624.81,1070.52,26
2/10/2010,101.5,630.08,1068.13,25.4
2/11/2010,98.06,616.53,1078.47,23.96
2/12/2010,99,631.76,1075.51,22.73
2/16/2010,98.1,623.26,1094.87,22.25
2/17/2010,96.12,597.72,1099.51,21.72
2/18/2010,92.53,570.37,1106.75,20.63
2/19/2010,90.93,563.18,1109.17,20.02
2/22/2010,90.94,561.97,1108.01,19.94
2/23/2010,94.02,581.18,1094.6,21.37
2/24/2010,93.38,581.73,1105.24,20.27
2/25/2010,93.96,581.03,1102.94,20.1
2/26/2010,91.58,569.23,1104.49,19.5
3/1/2010,88.56,556.72,1115.71,19.26
3/2/2010,89.53,557.54,1118.31,19.06
3/3/2010,88.52,553.95,1118.79,18.83
3/4/2010,88.75,551.61,1122.97,18.72
3/5/2010,85.49,519.68,1138.7,17.42
3/8/2010,82.56,514.75,1138.5,17.79
3/9/2010,83.49,515.32,1140.45,17.92
3/10/2010,82.97,510.11,1145.61,18.57
3/11/2010,83.31,508.36,1150.24,18.06
3/12/2010,83.14,505.79,1149.99,17.58
3/15/2010,84,512.97,1150.51,18
3/16/2010,82.88,502.57,1159.46,17.69
3/17/2010,82.52,498.86,1166.21,16.91
3/18/2010,84,504.44,1165.83,16.62
3/19/2010,86.74,518.91,1159.9,16.97
3/22/2010,89.57,507.66,1165.81,16.87
3/23/2010,85.96,492.22,1174.17,16.35
3/24/2010,87.75,500.8,1167.72,17.55
3/25/2010,87.61,502.59,1165.73,18.4
3/26/2010,87.25,502.8844415,1166.59,17.77
3/29/2010,85.32142857,526.8761597,1173.22,17.59
3/30/2010,86.23214286,535.578154,1173.27,17.13
3/31/2010,88.04642857,551.1468252,1169.43,17.59
4/1/2010,86.88,545.31,1178.1,17.47
4/6/2010,84.05,520.76,1189.44,16.23
4/7/2010,87.46,529.84,1182.45,16.62
4/8/2010,86.92,521.9,1186.44,16.48
4/9/2010,85.53,507.97,1194.37,16.14
4/12/2010,84.31,497.79,1196.48,15.58
4/13/2010,83.84,493.7,1197.3,16.2
4/14/2010,82.81,479.49,1210.65,15.59
4/15/2010,82.03,469.07,1211.67,15.89
4/16/2010,86.96,489.01,1192.13,18.36
4/19/2010,88.7,491.73,1197.52,17.34
4/20/2010,85.77,479.08,1207.17,15.73
4/21/2010,87.38,479.52,1205.94,16.32
4/22/2010,88.98,482.83,1208.67,16.47
4/23/2010,88.98,477.79,1217.28,16.62
4/26/2010,90.75,477.7,1212.05,17.47
4/27/2010,97.21,508.67,1183.71,22.81
4/28/2010,94.35,497.06,1191.36,21.08
4/29/2010,89.49,484.7,1206.78,18.44
4/30/2010,91.88,497.16,1186.69,22.05
5/4/2010,97.59,514.91,1173.6,23.84
5/5/2010,104.55,554.61,1165.9,24.91
5/6/2010,127.57,627.07,1128.15,32.8
5/7/2010,119,632.28,1110.88,40.95
5/10/2010,99.67,551.56,1159.73,28.84
5/11/2010,100.46,558.43,1155.79,28.32
5/12/2010,97.87,536.53,1171.67,25.52
5/13/2010,100.14,544.64,1157.44,26.68
5/14/2010,108.06,580.61,1135.68,31.24
5/17/2010,109.34,584.3,1136.94,30.84
5/18/2010,118.28,613.61,1120.8,33.55
5/19/2010,113.69,622.37,1115.05,35.32
5/20/2010,123.03,668.65,1071.59,45.79
5/21/2010,119.96,673.89,1087.69,40.1
5/24/2010,123.49,677.03,1073.65,38.32
5/25/2010,125.8725571,683.49,1074.03,34.61
5/26/2010,124.38,676.7,1067.95,35.02
5/27/2010,115.36,629.3,1103.06,29.68
5/28/2010,117.21,627.43,1089.41,32.07
6/1/2010,121.61,654.14,1070.71,35.54
6/2/2010,117.47,634.61,1098.38,30.17
6/3/2010,116.77,626.9,1102.83,29.46
6/4/2010,125.54,662.31,1064.88,35.48
6/7/2010,129.89,684.26,1050.47,36.57
6/8/2010,129.5,684.38,1062,33.7
6/9/2010,131.28,693.7,1055.69,33.73
6/10/2010,125.85,670.07,1086.84,30.57
6/11/2010,125.38,663.22,1091.6,28.79
6/14/2010,122.42,643.63,1089.63,28.58
6/15/2010,118.73,610.78,1115.23,25.87
6/16/2010,117.56,592.97,1114.61,25.92
6/17/2010,113.56,581.9,1116.04,25.05
6/18/2010,110.01,575,1117.51,23.95
6/21/2010,107.83,575.94,1113.2,24.88
6/22/2010,114.58,605.56,1095.31,27.05
6/23/2010,115.5,605.96,1092.04,26.91
6/24/2010,119.55,624.39,1073.69,29.74
6/25/2010,114.11,605.11,1076.76,28.53
6/28/2010,115.97,616.16,1074.57,29
6/29/2010,122.18,641.69,1041.24,34.13
6/30/2010,122.66,649.73,1030.71,34.54
7/1/2010,122.57,647.32,1027.37,32.86
7/2/2010,122.5,653.32,1022.58,30.12
7/6/2010,121.7,645.31,1028.06,29.65
7/7/2010,116.27,607.54,1060.27,26.84
7/8/2010,113.31,593.48,1070.25,25.71
7/9/2010,110.46,577.8,1077.96,24.98
7/12/2010,111.91,588.28,1078.75,24.43
7/13/2010,107.57,564.01,1095.34,24.56
7/14/2010,108.87,581.41,1095.17,24.89
7/15/2010,108.26,578.56,1096.48,25.14
7/16/2010,113.05,600.36,1064.88,26.25
7/19/2010,112.98,601.53,1071.25,25.97
7/20/2010,110.04,589.34,1083.48,23.93
7/21/2010,111.52,595.64,1069.59,25.64
7/22/2010,108.38,579.99,1093.67,24.63
7/23/2010,106.42,567.51,1102.66,23.47
7/26/2010,103.04,553.03,1115.01,22.73
7/27/2010,102.5,554.31,1113.84,23.19
7/28/2010,105.13,559.44,1106.13,24.25
7/29/2010,103.72,553.27,1101.53,24.13
7/30/2010,104.39,554.65,1101.6,23.5
8/2/2010,99.14,534.01,1125.86,22.01
8/3/2010,100.38,534.35,1120.46,22.63
8/4/2010,99.5,532.12,1127.24,22.21
8/5/2010,101.57,537.07,1125.81,22.1
8/6/2010,104.09,544.48,1121.64,21.74
8/9/2010,102.03,533.5,1127.79,22.14
8/10/2010,104.7,546.54,1121.06,22.37
8/11/2010,109.35,567.79,1089.47,25.39
8/12/2010,109.2,574.27,1083.61,25.73
8/13/2010,108.24,571.19,1079.25,26.24
8/16/2010,110.59,579.34,1079.38,26.1
8/17/2010,106.91,562.83,1092.54,24.33
8/18/2010,105.67,556.77,1094.16,24.59
8/19/2010,108.71,570.66,1075.63,26.44
8/20/2010,109,572.17,1071.69,25.49
8/23/2010,109.38,573.45,1067.36,25.66
8/24/2010,112.46,587.7,1051.87,27.46
8/25/2010,112.82,592.78,1055.33,26.7
8/26/2010,114.5,600.88,1047.22,27.37
8/27/2010,111.01,590.6,1064.59,24.45
8/31/2010,114.5,605.55,1049.33,26.05
9/1/2010,109.02,581.68,1080.29,23.89
9/2/2010,106.23,565.87,1090.1,23.19
9/3/2010,103.93,558.57,1104.51,21.31
9/7/2010,107.06,571.26,1091.84,23.8
9/8/2010,105.41,561.43,1098.87,23.25
9/9/2010,104.58,562.07,1104.18,22.81
9/10/2010,102.82,553.57,1109.55,21.99
9/13/2010,102.63,550.76,1121.9,21.21
9/14/2010,103.81,549.51,1121.1,21.56
9/15/2010,103.76,546.62,1125.07,22.1
9/16/2010,104.07,547.05,1124.66,21.72
9/17/2010,104.08,544.8,1125.59,22.01
9/20/2010,106.61,534.51,1142.71,21.5
9/21/2010,108.44,541.03,1139.78,22.35
9/22/2010,111.39,545.87,1134.28,22.51
9/23/2010,114.19,560.46,1124.83,23.87
9/24/2010,108.61,543.04,1148.67,21.71
9/27/2010,109.92,578.09,1142.16,22.54
9/28/2010,108.82,572.08,1147.7,22.6
9/29/2010,107.39,565.14,1144.73,23.25
9/30/2010,106.66,562.43,1141.2,23.7
10/1/2010,104.21,551.89,1146.24,22.5
10/4/2010,105.05,554.92,1137.03,23.53
10/5/2010,98.71,532.46,1160.75,21.76
10/6/2010,98.69,528.95,1159.97,21.49
10/7/2010,98.34,517,1158.06,21.56
10/8/2010,96.62,512.03,1165.15,20.71
10/12/2010,97,508.33,1169.77,18.93
10/13/2010,95.5,497.99,1178.1,19.07
10/14/2010,98.46,509.69,1173.81,19.88
10/15/2010,98.92,510.53,1176.19,19.03
10/18/2010,96.86,506.89,1184.71,19.09
10/19/2010,100.13,523.17,1165.9,20.63
10/20/2010,97.79,511.18,1178.17,19.79
10/21/2010,97,507.25,1180.26,19.27
10/22/2010,96.35,499.67,1183.08,18.78
10/25/2010,93.41,488.03,1185.62,19.85
10/26/2010,92.5,484.51,1185.64,20.22
10/27/2010,93.89,489.21,1182.45,20.71
10/28/2010,94,490.1,1183.78,20.88
10/29/2010,94.42,488.79,1183.26,21.2
11/1/2010,94.35,489.62,1184.38,21.83
11/2/2010,92.5,483.62,1193.57,21.57
11/3/2010,91.42,474.47,1197.96,19.56
11/4/2010,86.29,438.82,1221.06,18.52
11/5/2010,85.61,436.31,1225.85,18.26
11/8/2010,87.77,442.63,1223.25,18.29
11/9/2010,90.36,453.38,1213.4,19.08
11/10/2010,90.46,461.9,1218.71,18.47
11/12/2010,93.65,483.35,1199.21,20.61
11/15/2010,93.35,498.23,1197.75,20.2
11/16/2010,94.47,514.19,1178.34,22.58
11/17/2010,92.52,505.03,1178.59,21.76
11/18/2010,90.5,485.98,1196.69,18.75
11/19/2010,89.75,480.97,1199.73,18.04
11/22/2010,91,487.87,1197.84,18.37
11/23/2010,95.14,512.06,1180.73,20.63
11/24/2010,93.39,509.61,1198.35,19.56
11/26/2010,95.51,521.5,1189.4,22.22
11/29/2010,96.71,529.39,1187.76,21.53
11/30/2010,99.39,534.58,1180.55,23.54
12/1/2010,95.67,505.26,1206.07,21.36
12/2/2010,92.39,474.16,1221.53,19.39
12/3/2010,91.62,474.91,1224.71,18.01
12/6/2010,90.68,471.52,1223.12,18.02
12/7/2010,89.97,463.73,1223.75,17.99
12/8/2010,88.65,464.82,1228.28,17.74
12/9/2010,87.5,463.67,1233,17.25
12/10/2010,87.25,457.7,1240.4,17.61
12/13/2010,86.45,449.27,1240.46,17.55
12/14/2010,86.02,442.36,1241.59,17.61
12/15/2010,87.12,447.1,1235.23,17.94
12/16/2010,86.12,444.25,1242.87,17.39
12/17/2010,86.46,445.56,1243.91,16.11
12/20/2010,85.51,443.14,1247.08,16.41
12/21/2010,84.75,436.57,1254.6,16.49
12/22/2010,84.75,433.58,1258.84,15.45
12/23/2010,85.53,436.09,1256.77,16.47
12/29/2010,85.35,433.66,1259.78,17.28
12/30/2010,85.07,430.23,1257.88,17.52
12/31/2010,85.15,430.12,1257.64,17.75
1/4/2011,82.25,416.28,1270.2,17.38
1/5/2011,83,418.17,1276.56,17.02
1/6/2011,86.69,427.41,1273.85,17.4
1/7/2011,88.5,433.03,1271.5,17.14
1/10/2011,89.04,438.13,1269.75,17.54
1/11/2011,86.11,424.48,1274.48,16.89
1/12/2011,84,414.99,1285.96,16.24
1/13/2011,84.86,419.29,1283.76,16.39
1/14/2011,83.3,411.38,1293.24,15.46
1/18/2011,82.61,409.24,1295.02,15.87
1/19/2011,83.91,417.64,1281.92,17.31
1/20/2011,84.5,420.0270499,1280.26,17.99
1/21/2011,82.8625,413.3676469,1283.35,18.47
1/24/2011,81.68125,406.1992466,1290.84,17.65
1/25/2011,82.63571429,406.2771314,1291.18,17.59
1/26/2011,82.57374317,407.1655291,1296.63,16.64
1/27/2011,82.875,407.4438148,1299.54,16.15
1/28/2011,86.14285714,419.8099402,1276.34,20.04
1/31/2011,84.34375,413.0418044,1286.12,19.53
2/1/2011,82.88,406.24,1307.59,17.63
2/2/2011,82.8,406.22,1304.03,17.3
2/3/2011,82.03,401.48,1307.1,16.69
2/4/2011,81.52,398.71,1310.87,15.93
2/7/2011,79.95,388.09,1319.05,16.28
2/8/2011,79.16666667,382.3125568,1324.57,15.81
2/9/2011,81.31,388.32,1320.88,15.87
2/10/2011,81.75,390.8489708,1321.87,16.09
2/11/2011,80.11666667,385.2269291,1329.15,15.69
2/14/2011,80.45,387.8,1332.32,15.95
2/15/2011,81.04,389.38,1328.01,16.37
2/16/2011,80.5,387.6967046,1336.32,16.72
2/17/2011,79.32,382.48,1340.43,16.59
2/18/2011,79.71,383.87,1343.01,16.43
2/22/2011,83.75,398.9082489,1315.44,20.8
2/23/2011,86.43,411.17,1307.4,22.13
2/24/2011,85.41666667,409.4657181,1306.1,21.32
2/25/2011,83.07142857,405.1694042,1319.88,19.22
2/28/2011,82.00886877,396.7165983,1327.22,18.35
3/1/2011,84.565625,407.2193625,1306.33,21.01
3/2/2011,85,412.5647153,1308.44,20.7
3/3/2011,82.47916667,401.811334,1330.97,18.6
3/4/2011,83.61785714,406.848574,1321.15,19.06
3/7/2011,84.25,410.3458938,1310.13,20.66
3/8/2011,83.75,407.7775286,1321.82,19.82
3/9/2011,84.77083333,412.8023348,1320.02,20.22
3/10/2011,87.25,425.9792511,1295.11,21.88
3/11/2011,86.19285714,420.0010042,1304.28,20.08
3/14/2011,86.96428571,424.1547812,1296.39,21.13
3/15/2011,88.95714286,438.3018126,1281.87,24.32
3/16/2011,91.65714286,458.2074062,1256.88,29.4
3/17/2011,89.54166667,444.2028034,1273.72,26.37
3/18/2011,86.5167202,425.0718681,1279.2,24.44
3/21/2011,96,416.8422156,1298.38,20.61
3/22/2011,96.75833333,420.3550715,1293.77,20.21
3/23/2011,96.75,419.5426516,1297.54,19.17
3/24/2011,94.58333333,407.8497312,1309.66,18
3/25/2011,95.01666667,412.4765628,1313.8,17.91
3/28/2011,95.95833333,452.54562,1310.19,19.44
3/29/2011,96.26785714,450.5845752,1319.44,18.16
3/30/2011,95.0375,443.6299986,1328.26,17.71
3/31/2011,95.82142857,451.7864184,1325.83,17.74
4/1/2011,94.15714286,438.267869,1332.41,17.4
4/4/2011,93.31071429,433.4158601,1332.87,17.5
4/5/2011,93.69678571,435.1402426,1332.63,17.25
4/6/2011,92.75,432.6083205,1335.54,16.9
4/7/2011,93.64285714,435.5267655,1333.51,17.11
4/8/2011,93.59357679,434.1419367,1328.17,17.87
4/11/2011,93.88333333,436.5328831,1324.46,16.59
4/12/2011,94.98214286,444.8856805,1314.16,17.09
4/13/2011,95.00844329,448.1627191,1314.41,16.92
4/14/2011,94.69571429,446.3080515,1314.52,16.27
4/15/2011,94,443.3791428,1319.68,15.32
4/18/2011,95.66142857,453.1816187,1305.14,16.96
4/19/2011,94.70833333,448.9147161,1312.62,15.83
4/20/2011,92.60266604,438.3227325,1330.36,15.07
4/21/2011,93.06785714,439.461772,1337.38,14.69
4/26/2011,92.69642857,437.5802886,1347.24,15.62
4/27/2011,91.64285714,434.1633585,1355.66,15.35
4/28/2011,89.55,428.3615682,1360.48,14.62
5/3/2011,89,428.482052,1356.62,16.7
5/4/2011,89.75,434.6172929,1347.32,17.08
5/5/2011,90.51609352,437.0421666,1335.1,18.2
5/6/2011,90.41428571,437.4084137,1340.2,18.4
5/9/2011,89.33264267,431.3870967,1346.29,17.16
5/10/2011,88.51666667,425.8098869,1357.16,15.91
5/11/2011,89.19166667,430.6679351,1342.08,16.95
5/12/2011,88.46822865,430.2044485,1348.65,16.03
5/13/2011,89.45,432.7697774,1337.77,17.07
5/16/2011,89.49402829,436.3516274,1329.47,18.24
5/17/2011,90.25,444.2064706,1328.98,17.55
5/18/2011,88.7786,441.3493,1340.68,16.23
5/19/2011,88.62142857,438.3701371,1343.6,15.52
5/20/2011,89.82143433,445.2782609,1333.27,17.43
5/23/2011,91.75,454.2266442,1317.37,18.27
5/24/2011,91.43529507,454.0012305,1316.28,17.82
5/25/2011,90.85833333,452.4235983,1320.47,17.07
5/26/2011,90.484375,449.9496425,1325.69,16.09
5/27/2011,90.64214286,450.3128798,1331.1,15.98
5/31/2011,89.46428571,447.1354552,1345.2,15.45
6/1/2011,92,461.2428107,1314.55,18.3
6/2/2011,92.94642857,464.5018686,1312.94,18.09
6/3/2011,94.65,473.9960518,1300.16,17.95
6/6/2011,96.01785714,482.066603,1286.17,18.49
6/7/2011,95.69642857,481.0380033,1284.94,18.07
6/8/2011,98.04166667,500.6907709,1279.56,18.79
6/9/2011,98,497.7483874,1289,17.77
6/10/2011,99.05,507.1642696,1270.98,18.86
6/13/2011,99.5,507.2967863,1271.83,19.61
6/14/2011,96.73928571,490.9843574,1287.87,18.26
6/15/2011,99.88333333,509.8544838,1265.42,21.32
6/16/2011,100.5304228,513.997867,1267.64,22.73
6/17/2011,99.54166667,507.3167497,1271.5,21.85
6/20/2011,99.5,506.4253418,1278.36,19.99
6/21/2011,96.47916667,489.9806879,1295.52,18.86
6/22/2011,97.46428571,492.8933612,1287.14,18.52
6/23/2011,98.53571429,500.252387,1283.5,19.29
6/24/2011,101.0285714,514.2110652,1268.45,21.1
6/27/2011,100.0742857,509.7779948,1280.1,20.56
6/28/2011,98.03125,498.4844739,1296.67,19.17
6/29/2011,94.84375,480.6189569,1307.41,17.27
6/30/2011,91.9375,460.2823321,1320.64,16.52
7/1/2011,89.66666667,445.9570921,1339.67,15.87
7/5/2011,91.41785714,454.1822854,1337.88,16.06
7/6/2011,92.29166667,460.6028382,1339.22,16.34
7/7/2011,90.696875,446.0565376,1353.22,15.95
7/8/2011,92.39285714,458.225228,1343.8,15.95
7/11/2011,96.39757499,479.2510333,1319.49,18.39
7/12/2011,97.95833333,488.3833918,1313.64,19.87
7/13/2011,96.390625,484.8149505,1317.72,19.91
7/14/2011,96.5625,486.4762537,1308.87,20.8
7/15/2011,97.20714286,490.5369968,1316.14,19.53
7/18/2011,99.11785714,502.076913,1305.44,20.95
7/19/2011,96.5,492.6969902,1326.73,19.21
7/20/2011,94.36428571,478.6997735,1325.84,19.09
7/21/2011,92.41666667,463.9315645,1343.8,17.56
7/22/2011,92.63318388,463.6476629,1345.02,17.52
7/25/2011,94.53571429,473.8990998,1337.43,19.35
7/26/2011,94.4375,473.4888359,1331.94,20.23
7/27/2011,96.18928571,485.8426395,1304.89,22.98
7/28/2011,95.83928571,487.2267688,1300.67,23.74
7/29/2011,95.86818994,494.635047,1292.28,25.25
8/1/2011,95.75,500.9259211,1286.94,23.66
8/2/2011,98.58512406,522.967707,1254.05,24.79
8/3/2011,97.5,519.5458355,1260.34,23.38
8/4/2011,104.0208333,577.6243018,1200.07,31.66
8/5/2011,103,581.5358922,1199.38,32
8/8/2011,115.125,686.3575664,1119.46,48
8/9/2011,110,630.9845117,1172.53,35.06
8/10/2011,115.4642857,682.6065033,1120.76,42.99
8/11/2011,116.5886247,675.7029811,1172.64,39
8/12/2011,115.3199131,652.639693,1178.81,36.36
8/15/2011,109.5,608.0712584,1204.49,31.87
8/16/2011,112.5178571,633.3166301,1192.76,32.85
8/17/2011,109.6606911,615.8582455,1193.89,31.58
8/18/2011,117,669.1562128,1140.65,42.67
8/19/2011,122.71875,698.785645,1123.53,43.05
8/22/2011,126.5,715.3331918,1123.82,42.44
8/23/2011,125.9642857,701.5993155,1162.35,36.27
8/24/2011,124.8035714,701.7073145,1177.6,35.9
8/25/2011,125.6821406,717.1322745,1159.27,39.76
8/26/2011,126.2071429,723.9432674,1176.8,35.59
8/30/2011,118.09375,655.9355312,1212.92,32.89
8/31/2011,114.5,629.7519101,1218.89,31.62
9/1/2011,117.4178571,644.3074033,1204.42,31.82
9/2/2011,121.00625,669.7631992,1173.97,33.92
9/6/2011,126.65,696.6141464,1165.24,37
9/7/2011,121.65625,666.0747541,1198.62,33.38
9/8/2011,124.6666667,680.9402941,1185.9,34.32
9/9/2011,131.6041667,732.651257,1154.23,38.52
9/12/2011,135.8892857,741.7419731,1162.27,38.59
9/13/2011,131.2785714,705.0917427,1172.87,36.91
9/14/2011,128.828125,689.3579788,1188.68,34.6
9/15/2011,125.0714286,664.1315537,1209.11,31.97
9/16/2011,125.2785714,665.6406302,1216.01,30.98
9/19/2011,127.53125,676.6442571,1204.09,32.73
9/20/2011,133.908896,664.6486089,1202.09,32.86
9/21/2011,140.3083333,698.1907982,1166.76,37.32
9/22/2011,145.5208333,726.7901788,1129.56,41.35
9/23/2011,140.6666667,719.3110403,1136.43,41.25
9/26/2011,136.8714286,697.6921344,1162.95,39.02
9/27/2011,136.2285714,770.9511957,1175.38,37.71
9/28/2011,141.1875,806.4759671,1151.06,41.08
9/29/2011,139.7142857,800.1028311,1160.4,38.84
9/30/2011,144.2000829,829.1001646,1131.42,42.96
10/3/2011,150.125,880.9145676,1099.23,45.45
10/4/2011,147.4624422,863.6977457,1123.95,40.82
10/5/2011,145.0625,834.1090187,1144.03,37.81
10/6/2011,138.8541667,802.5233747,1164.97,36.27
10/7/2011,139.2857143,804.4604118,1155.46,36.2
10/11/2011,134.6166667,767.4138511,1195.54,32.86
10/12/2011,130.2916667,729.8733642,1207.25,31.26
10/13/2011,132.5,741.5025069,1203.66,30.7
10/14/2011,130,724.0100187,1224.58,28.24
10/17/2011,134.4859375,752.7540462,1200.86,33.39
10/18/2011,132.65625,734.9911438,1225.38,31.56
10/19/2011,134.425,741.8391412,1209.88,34.44
10/20/2011,133.703125,738.3890866,1215.39,34.78
10/21/2011,131.275,718.5139114,1238.25,31.32
10/24/2011,126.1875,685.8210249,1254.19,29.26
10/25/2011,129.71875,705.1071966,1229.05,32.22
10/26/2011,125.8142857,687.7644486,1242,29.86
10/27/2011,113.39375,619.0444853,1284.59,25.46
10/28/2011,114.0357143,614.2808148,1285.09,24.53
10/31/2011,120.7708333,652.1704414,1253.3,29.96
11/1/2011,126.9375,698.7806836,1218.28,34.77
11/2/2011,125.40625,685.7005607,1237.9,32.74
11/3/2011,120.521875,656.241674,1261.15,30.5
11/4/2011,123.2035714,668.4234144,1253.23,30.16
11/7/2011,123.59375,669.7389412,1261.12,29.85
11/8/2011,121.2321429,658.6105501,1275.92,27.48
11/9/2011,129.5,724.3421415,1229.1,36.16
11/10/2011,129.6166667,727.2299545,1239.69,32.81
11/14/2011,129.9253817,720.7145311,1251.78,31.13
11/15/2011,132.3125,726.4603671,1257.81,31.22
11/16/2011,134.0264818,739.0293973,1236.91,33.51
11/17/2011,136.4642857,760.0173109,1216.13,34.51
11/18/2011,135.8214286,759.3503909,1215.65,32
11/21/2011,139.3928571,787.7754674,1192.98,32.91
11/22/2011,140.5,798.6041641,1188.04,31.97
11/23/2011,145.921875,822.1277976,1161.79,33.98
11/25/2011,146.0357143,824.8360449,1158.67,34.47
11/28/2011,141.1785714,792.8960156,1192.55,32.13
11/29/2011,139.4583333,785.1355917,1195.19,30.64
11/30/2011,128,717.7338482,1246.96,27.8
12/1/2011,126.3214286,715.2767834,1244.58,27.41
12/2/2011,125.6071429,707.1619424,1244.28,27.52
12/5/2011,122.8541667,694.7454365,1257.08,27.84
12/6/2011,121.718581,684.1513501,1258.47,28.13
12/7/2011,119.625,671.5498199,1261.01,28.67
12/8/2011,125.5785714,714.6768807,1234.35,30.59
12/9/2011,121.90625,697.3395679,1255.19,26.38
12/12/2011,125.5,717.9664471,1236.47,25.67
12/13/2011,127.2857143,730.8131684,1225.73,25.41
12/14/2011,129.9642857,734.3725383,1211.82,26.04
12/15/2011,129.8214286,739.5487151,1215.75,25.11
12/16/2011,131.2660454,747.3716329,1219.66,24.29
12/19/2011,132.1428571,756.0830574,1205.35,24.92
12/20/2011,126.5,715.1161587,1241.3,23.22
12/21/2011,124.65625,706.1773067,1243.72,21.43
12/22/2011,121.6666667,689.1648145,1254,21.16
12/23/2011,121.65,687.3318023,1265.33,20.73
12/28/2011,121.8928571,690.4172918,1249.64,23.52
12/29/2011,119.8958333,679.8289093,1263.02,22.65
12/30/2011,120.03125,679.5766385,1257.6,23.4
1/3/2012,118.0535714,661.9725618,1277.06,22.97
1/4/2012,118.5178571,651.5229866,1277.3,22.22
1/5/2012,119.9821429,659.9531284,1281.06,21.48
1/6/2012,120.046875,663.8708763,1277.81,20.63
1/9/2012,119.4444028,665.7718724,1280.7,21.07
1/10/2012,116.453125,653.4792942,1292.08,20.69
1/11/2012,116,650.2135854,1292.48,21.05
1/12/2012,114.65625,645.3955909,1295.5,20.47
1/13/2012,115.9125,655.8325515,1289.09,20.91
1/17/2012,113.3571429,639.285432,1293.67,22.2
1/18/2012,109.6875,613.0827417,1308.04,20.89
1/19/2012,107.8605333,602.9557453,1314.5,19.87
1/20/2012,106.0629042,593.8779336,1315.38,18.28
1/23/2012,102.927668,577.5827767,1316,18.67
1/24/2012,103.8214286,582.1434372,1314.65,18.91
1/25/2012,101.968847,561.4019014,1326.05,18.31
1/26/2012,101.18125,562.1308109,1318.43,18.57
1/27/2012,100.3571429,560.1994591,1316.33,18.53
1/30/2012,102.578125,571.0949073,1313.01,19.4
1/31/2012,101.2734096,566.885826,1312.41,19.44
2/1/2012,100.00686,561.0756674,1324.09,18.55
2/2/2012,99.14285714,554.3149754,1325.54,17.98
2/3/2012,94.42857143,530.9405374,1344.9,17.1
2/6/2012,94.95648401,537.1127754,1344.33,17.76
2/7/2012,95,540.2382159,1347.05,17.65
2/8/2012,94.575,549.8116352,1349.96,18.16
2/9/2012,96.42857143,564.944046,1351.95,18.63
2/10/2012,98.78900216,574.1494626,1342.64,20.79
2/13/2012,96.65625,562.8436874,1351.77,19.04
2/14/2012,98.47740743,575.5917773,1350.5,19.54
2/15/2012,100.810029,592.3252685,1343.23,21.14
2/16/2012,99.0078125,571.4746293,1358.04,19.22
2/17/2012,98.578125,571.2513537,1361.23,17.78
2/21/2012,97.5,570.77103,1362.21,18.19
2/22/2012,97.875,576.644294,1357.66,18.19
2/23/2012,96.51109161,546.9055931,1363.46,16.8
2/24/2012,95.90267457,547.1342414,1365.74,17.31
2/27/2012,95.42952542,544.9256326,1367.59,18.19
2/28/2012,93.75,542.6521011,1372.18,17.96
2/29/2012,93.8875,550.1661063,1365.68,18.43
3/1/2012,92.80271651,541.1426519,1374.09,17.26
3/2/2012,93.89285714,552.0574761,1369.63,17.29
3/5/2012,95.25714286,564.946282,1364.33,18.05
3/6/2012,97.76561851,589.4040674,1343.36,20.87
3/7/2012,97.1875,585.6180078,1352.63,19.07
3/8/2012,96.06786411,571.3447398,1365.91,17.95
3/9/2012,95.65,574.3413489,1370.87,17.11
3/12/2012,95.35714286,573.2908889,1371.09,15.64
3/13/2012,91.93507557,547.8871529,1395.95,14.8
3/14/2012,90.89285714,551.1032687,1394.28,15.31
3/15/2012,90,549.9141085,1402.6,15.42
3/16/2012,88.58928571,541.3948468,1404.17,14.47
3/19/2012,85.42857143,525.3978582,1409.75,15.04
3/20/2012,87.9375,528.6028302,1405.52,15.58
3/21/2012,86.80250415,528.5003417,1402.89,15.13
3/22/2012,90.4615738,547.0948767,1392.78,15.57
3/23/2012,91.41666667,541.9822382,1397.11,14.82
3/26/2012,89.3125,529.5800969,1416.51,14.26
3/27/2012,89.36875,556.2084764,1412.52,15.59
3/28/2012,90.75,563.9618198,1405.54,15.47
3/29/2012,92.82092238,576.1340413,1403.28,15.48
3/30/2012,91.359375,573.4579681,1408.47,15.5
4/2/2012,90.26818741,568.4496191,1419.04,15.64
4/3/2012,90.515625,573.9315701,1413.38,15.66
4/4/2012,92.59453906,583.4413125,1398.96,16.44
4/5/2012,96.8740302,593.6454908,1398.08,16.7
4/10/2012,104.4942857,629.1806373,1358.59,20.39
4/11/2012,102.0397172,625.0504981,1368.71,20.02
4/12/2012,96.76785714,592.7113556,1387.57,17.2
4/13/2012,101.8378571,624.5374179,1370.26,19.55
4/16/2012,101.4157929,624.6317088,1369.57,19.55
4/17/2012,98.5,612.4961035,1390.78,18.46
4/18/2012,99.47585978,622.3745802,1385.14,18.64
4/19/2012,100.0070001,626.4568158,1376.92,18.36
4/20/2012,99.79166667,624.4773969,1378.53,17.44
4/23/2012,101.06875,626.4638096,1366.94,18.97
4/24/2012,99.75714286,615.1412634,1371.97,18.1
4/25/2012,97.5375,602.3071159,1390.69,16.82
4/26/2012,96,588.7376382,1399.98,16.24
4/27/2012,94.31051062,578.6209239,1403.36,16.32
4/30/2012,94.75,576.5485026,1397.91,17.15
5/1/2012,93.79510097,577.8799099,1405.82,16.6
5/2/2012,93.85714286,578.6431609,1402.31,16.88
5/3/2012,95.82927309,585.7227204,1391.57,17.56
5/4/2012,98.70783812,594.7964263,1369.1,19.16
5/8/2012,101,606.2236443,1363.72,19.05
5/9/2012,103.4190961,626.0996604,1354.58,20.08
5/10/2012,102.7828571,614.9053215,1357.99,18.83
5/11/2012,108.5297148,626.9433815,1353.39,19.89
5/14/2012,114.550425,655.4558917,1338.35,21.87
5/15/2012,117.3060093,671.5604977,1330.66,21.97
5/16/2012,118.9746115,686.1694605,1324.8,22.27
5/17/2012,122.8407582,704.5686468,1304.86,24.49
5/18/2012,123.3471547,708.7555181,1295.22,25.1
5/21/2012,118.090625,671.856025,1315.99,22.01
5/22/2012,118.4166667,667.91985,1316.63,22.48
5/23/2012,118.29375,669.775779,1318.86,22.33
5/24/2012,117.5144157,663.1153677,1320.68,21.54
5/25/2012,117.5,656.3925501,1317.82,21.76
5/29/2012,116.6761352,646.5459087,1332.42,21.03
5/30/2012,122.0983417,670.2353107,1313.32,24.14
5/31/2012,123.26,685.1561142,1310.33,24.06
6/1/2012,126.8543544,702.8576568,1278.04,26.66
6/6/2012,122.0213182,674.6976074,1315.13,22.16
6/7/2012,121.7774851,649.6391486,1314.99,21.72
6/8/2012,120.5,638.0870819,1325.66,21.23
6/11/2012,124.6367737,658.3008744,1308.93,23.56
6/12/2012,123.460625,647.2723026,1324.18,22.09
6/13/2012,124.7399098,650.8397268,1314.88,24.27
6/14/2012,120.6316004,639.6145659,1329.1,21.68
6/15/2012,117.8125,631.164591,1342.84,21.11
6/18/2012,119.464375,638.4815094,1344.78,18.32
6/19/2012,115.4880604,621.4538407,1357.98,18.38
6/20/2012,114.1314914,610.0377181,1355.69,17.24
6/21/2012,117.795,629.6816691,1325.51,20.08
6/22/2012,115.4183334,610.7726746,1335.02,18.11
6/25/2012,119.3543542,626.9054952,1313.72,20.38
6/26/2012,118.9849915,627.1532078,1319.99,19.72
6/27/2012,117.53125,618.737261,1331.85,19.45
6/28/2012,118.446342,621.4403603,1329.04,19.71
6/29/2012,112.3663931,587.3209054,1362.16,17.08
7/2/2012,109.2383333,577.5326766,1365.51,16.8
7/3/2012,106.625,569.7132585,1374.02,16.66
7/5/2012,108.9632443,579.8145735,1367.58,17.5
7/6/2012,112.8057233,590.3739674,1354.68,17.1
7/9/2012,111.209237,585.2060418,1352.46,17.98
7/10/2012,111.4618641,589.1744132,1341.47,18.72
7/11/2012,111.4903507,588.1293436,1341.45,17.95
7/12/2012,113.1652845,597.0436705,1334.76,18.33
7/13/2012,111.9098186,586.7198795,1356.78,16.74
7/16/2012,112.8543352,595.2656183,1353.64,17.11
7/17/2012,111.4051417,587.2405719,1363.67,16.48
7/18/2012,108.3404792,579.6231988,1372.78,16.16
7/19/2012,108.2857973,577.621075,1376.51,15.45
7/20/2012,111.223125,590.5768449,1362.66,16.27
7/23/2012,113.25,599.9301696,1350.52,18.62
7/24/2012,116.296875,613.4604021,1338.31,20.47
7/25/2012,115.4447525,612.9303826,1337.89,19.34
7/26/2012,111.3807143,595.6846328,1360.02,17.53
7/27/2012,104.9583333,564.6862996,1385.97,16.7
7/30/2012,106.25,567.2299807,1385.3,18.03
7/31/2012,107.5,580.3038927,1379.32,18.93
8/1/2012,105.51,569.7052376,1375.14,18.96
8/2/2012,109.066875,583.3972172,1365,17.57
8/3/2012,103.6014286,557.5798411,1390.99,15.64
8/6/2012,102.6915205,554.3085164,1394.23,15.95
8/7/2012,103.28125,554.0442911,1401.35,15.99
8/8/2012,102.8164017,548.4576378,1402.22,15.32
8/9/2012,103.0208333,551.3403602,1402.8,15.28
8/10/2012,102.5664963,550.1754335,1405.87,14.74
8/13/2012,102.7666667,554.1763018,1404.11,13.7
8/14/2012,102.9687584,554.3698593,1403.93,14.85
8/15/2012,103.1787444,558.1891696,1405.53,14.63
8/16/2012,101.0668469,546.7816271,1415.51,14.29
8/17/2012,99.77554851,541.2628904,1418.16,13.45
8/20/2012,98.46875,534.7245272,1418.13,14.02
8/21/2012,98.52821429,536.4486066,1413.17,15.02
8/22/2012,99.4771875,539.6277289,1413.49,15.11
8/23/2012,101.75,552.0885971,1402.08,15.96
8/24/2012,100.7091618,548.3942555,1411.13,15.18
8/28/2012,101.0492475,546.9633617,1409.3,16.49
8/29/2012,100.9519365,545.1157128,1410.49,17.06
8/30/2012,102.773469,552.3421717,1399.48,17.83
8/31/2012,101.8502008,542.7775501,1406.58,17.47
9/4/2012,101.0789286,540.6772011,1404.94,17.98
9/5/2012,100.5,540.6538737,1403.44,17.74
9/6/2012,94.79686819,511.8659415,1432.12,15.6
9/7/2012,93.05954529,498.2551319,1437.92,14.38
9/10/2012,95.11798449,503.0985169,1429.08,16.28
9/11/2012,93.75857143,494.0651988,1433.56,16.41
9/12/2012,90.89285714,481.5209863,1436.56,15.8
9/13/2012,85.94536902,455.9394391,1459.99,14.05
9/14/2012,83.14928571,443.6896667,1465.77,14.51
9/17/2012,85.15,449.586231,1461.19,14.59
9/18/2012,85.5,450.9304706,1459.32,14.18
9/19/2012,85.2,449.5141763,1461.05,13.88
9/20/2012,96.02678571,455.8722243,1460.26,14.07
9/21/2012,96.33300058,456.7585016,1460.15,13.98
9/24/2012,98.46059826,470.7417854,1456.89,14.15
9/25/2012,102.2828571,496.8871889,1441.59,15.43
9/26/2012,102.4170179,502.7102631,1433.32,16.81
9/27/2012,98.57367506,501.6885787,1447.15,14.84
9/28/2012,99.25,504.3449321,1440.67,15.73
10/1/2012,99,501.438223,1444.49,16.32
10/2/2012,98.2321781,502.0640033,1445.75,15.71
10/3/2012,96.19642857,495.7274506,1450.99,15.43
10/4/2012,95.20833333,485.2623292,1461.4,14.55
10/5/2012,95.21495305,484.3044734,1460.93,14.33
10/9/2012,98.46428571,501.0327091,1441.48,16.37
10/10/2012,99.001375,508.6979976,1432.56,16.29
10/11/2012,97.36142857,502.6892406,1432.84,15.59
10/12/2012,97.87857143,506.3238656,1428.59,16.14
10/15/2012,95.79833333,497.4104127,1440.13,15.27
10/16/2012,92.41071429,476.1407471,1454.92,15.22
10/17/2012,89.762625,459.9838226,1460.91,15.07
10/18/2012,91,469.0528746,1457.34,15.03
10/19/2012,93.61714286,483.9262566,1433.19,17.06
10/22/2012,94.05166667,489.1590494,1433.82,16.62
10/23/2012,96.8671875,502.9278982,1413.11,18.83
10/24/2012,98.70833333,517.1597219,1408.75,18.33
10/25/2012,97.9375,513.1598424,1412.97,18.12
10/26/2012,98.0103125,516.4234701,1411.94,17.81
10/31/2012,99.40494583,518.2520286,1412.16,18.6
11/1/2012,96.375,505.8703802,1427.59,16.69
11/2/2012,97.5,512.1189246,1414.2,17.59
11/5/2012,97.03219757,511.1223452,1417.26,18.42
11/6/2012,96.35181091,503.4867846,1428.39,17.58
11/7/2012,99.79485714,523.4723817,1394.53,19.08
11/8/2012,104.3533473,545.2123718,1377.51,18.49
11/9/2012,106.663125,551.2163503,1379.85,18.61
11/13/2012,106.7575,551.4567937,1374.53,16.65
11/14/2012,108.5,563.1497481,1355.49,17.92
11/15/2012,111.2503125,572.1157181,1353.33,17.99
11/16/2012,109.5266667,564.5029257,1359.88,16.41
11/19/2012,103.015625,534.3868854,1386.89,15.24
11/20/2012,101.546875,525.1727456,1387.81,15.08
11/21/2012,100.5,518.2432467,1391.03,15.31
11/23/2012,99.3471448,510.9985263,1409.15,15.14
11/26/2012,100.9566667,513.6368753,1406.29,15.5
11/27/2012,102.1721565,515.8769338,1398.94,15.92
11/28/2012,101,508.9506759,1409.93,15.51
11/29/2012,99.3834375,500.7019633,1415.95,15.06
11/30/2012,98.50142857,500.1995276,1416.18,15.87
12/3/2012,99.88243464,505.9241718,1409.46,16.64
12/4/2012,100,501.2700748,1407.05,17.12
12/5/2012,97.768125,493.9324464,1409.28,16.46
12/6/2012,97.5,489.7177082,1413.94,16.58
12/7/2012,96.831875,486.5393779,1418.07,15.9
12/10/2012,95.86602308,480.9230455,1418.55,16.05
12/11/2012,93.90149329,468.7936773,1427.84,15.57
12/12/2012,93.24071429,468.9410666,1428.48,15.95
12/13/2012,94.44375,477.430445,1419.45,16.56
12/14/2012,95.084375,480.472234,1413.58,17
12/17/2012,91.76142857,465.0040191,1430.36,16.34
12/18/2012,89.08723405,451.5959793,1446.79,15.57
12/19/2012,89.73214286,457.5367324,1435.81,17.36
12/20/2012,89.16139239,455.252642,1443.69,17.67
12/21/2012,92.82906201,473.4445421,1430.15,17.84
12/24/2012,93.33751429,475.1224476,1426.66,18.59
12/27/2012,94.82857143,486.5618561,1418.1,19.47
12/28/2012,96.76956984,499.4009487,1402.43,22.72
12/31/2012,95.38844856,490.8438973,1426.19,18.02
1/2/2013,85.20006595,439.1426149,1462.42,14.68
1/3/2013,85.705,444.2020615,1459.37,14.56
1/4/2013,85.48539757,442.4133965,1466.47,13.83
1/7/2013,84.953125,440.8861497,1461.89,13.79
1/8/2013,85.703125,443.8830311,1457.15,13.62
1/9/2013,86.75,445.1562981,1461.02,13.81
1/10/2013,86.27678571,437.4183165,1472.12,13.49
1/11/2013,87.07874584,443.8108808,1472.05,13.36
1/14/2013,89.38392857,450.9657289,1470.68,13.52
1/15/2013,88.75,446.7927054,1472.34,13.55
1/16/2013,88.65590433,446.4055247,1472.63,13.42
1/17/2013,87.6640625,440.7006691,1480.94,13.57
1/18/2013,87.16071429,438.6378378,1485.98,12.46
1/22/2013,86.4453125,436.8486774,1492.56,12.43
1/23/2013,86.24107143,434.6226464,1494.81,12.46
1/24/2013,86.60487012,435.6557175,1494.82,12.69
1/25/2013,84.875,429.9061884,1502.96,12.89
1/28/2013,85.76785714,433.0895038,1500.18,13.57
1/29/2013,86.25,433.8224564,1507.84,13.31
1/30/2013,90.1318957,448.6387549,1501.96,14.32
1/31/2013,88.950625,446.1267627,1498.11,14.28
2/1/2013,86.24426286,434.4120646,1513.17,12.9
2/4/2013,90.10353539,452.1223256,1495.71,14.67
2/5/2013,88.50607143,444.5711364,1511.29,13.72
2/6/2013,89.5,449.1536422,1512.12,13.41
2/7/2013,89.796875,449.40168,1509.39,13.5
2/8/2013,89.30357143,448.2114435,1517.93,13.02
2/11/2013,89.5078125,444.7386894,1517.01,12.94
2/12/2013,87.45375,439.6414851,1519.43,12.64
2/13/2013,86.02789778,435.5996675,1520.33,12.98
2/14/2013,85.9296875,435.409686,1521.38,12.66
2/15/2013,86.95916667,438.6238062,1519.79,12.46
2/19/2013,85.46428571,430.7593784,1530.94,12.31
2/20/2013,87.530625,441.2165793,1511.95,14.68
2/21/2013,88.5,447.1151641,1502.42,15.22
2/22/2013,86.49609375,436.0747688,1515.6,14.17
2/25/2013,90.125,451.763438,1487.85,18.99
2/26/2013,89.46428571,446.0863324,1496.94,16.87
2/27/2013,87.25,436.3616591,1515.99,14.73
2/28/2013,87.8821875,440.648604,1514.68,15.51
3/1/2013,86.32214286,433.0352325,1518.2,15.36
3/4/2013,84.76625,422.1016167,1525.2,14.01
3/5/2013,83.27678571,416.5383179,1539.79,13.48
3/6/2013,83.74107143,418.1890585,1541.46,13.53
3/7/2013,82.62483333,413.0155461,1544.26,13.06
3/8/2013,80.640625,404.5274362,1551.18,12.59
3/11/2013,79.5,398.6503141,1556.22,11.56
3/12/2013,79.77566169,399.4308598,1552.48,12.27
3/13/2013,79.01041667,394.2418154,1554.52,11.83
3/14/2013,78.25,387.9131574,1563.23,11.3
3/15/2013,78.74107143,392.7604668,1560.7,11.3
3/18/2013,80.25,397.8245152,1552.1,13.36
3/19/2013,81.9225,403.6657459,1548.34,14.39
3/20/2013,89.42785714,394.6976877,1558.71,12.67
3/21/2013,91.05507653,403.399213,1545.8,13.99
3/22/2013,90.57833333,398.8826996,1556.89,13.57
3/25/2013,91.125,400.4521312,1551.69,13.74
3/26/2013,90.41071429,394.5377358,1563.77,12.77
3/27/2013,92.49107143,434.2326629,1562.85,13.15
3/28/2013,90.80988673,431.0288386,1569.19,12.7
4/2/2013,87.78729167,423.6119788,1570.25,12.78
4/3/2013,89.24833333,429.3523541,1553.69,14.21
4/4/2013,88.02083333,425.9489202,1559.98,13.89
4/5/2013,86.9375,424.5902763,1553.28,13.92
4/8/2013,85.44642857,415.8582941,1563.07,13.19
4/9/2013,84.7940625,413.0575843,1568.61,12.84
4/10/2013,82.00446429,404.053478,1587.73,12.36
4/11/2013,81.555,399.3635458,1593.37,12.24
4/12/2013,82.02734375,398.6635821,1588.85,12.06
4/15/2013,85.33928571,414.6955505,1552.36,17.27
4/16/2013,82.1240625,399.2434151,1574.57,13.96
4/17/2013,84.10714286,408.0681256,1552.01,16.51
4/18/2013,84.98142857,411.1974686,1541.61,17.56
4/19/2013,83.75,406.5596583,1555.25,14.97
4/22/2013,82.07935876,400.2158349,1562.5,14.39
4/23/2013,80.75928571,394.0833036,1578.78,13.48
4/24/2013,80.02083333,389.7210874,1578.79,13.61
4/25/2013,79,384.0608083,1585.16,13.62
4/26/2013,78.25,381.9899259,1582.24,13.61
4/29/2013,76.28125,370.601251,1593.61,13.71
4/30/2013,75,361.3770647,1597.57,13.52
5/1/2013,77.76785714,374.2591371,1582.7,14.49
5/2/2013,74.26785714,358.9280792,1597.59,13.59
5/3/2013,71.47916667,351.8328403,1614.42,12.85
5/7/2013,68.83928571,337.1772348,1625.96,12.83
5/8/2013,69.05245257,336.9407083,1632.69,12.66
5/9/2013,70.94642857,345.1745093,1626.67,13.13
5/10/2013,72.02083333,349.874482,1633.7,12.59
5/13/2013,73.48285714,354.7390008,1633.77,12.55
5/14/2013,72.75,351.946895,1650.34,12.77
5/15/2013,71.625,348.2402595,1658.78,12.81
5/16/2013,71.54166667,348.1811751,1650.47,13.07
5/17/2013,70.33333333,340.9997587,1667.47,12.45
5/20/2013,71,343.6442136,1666.29,13.02
5/21/2013,70.11607143,341.3590921,1669.16,13.37
5/22/2013,71.5625,351.562323,1655.35,13.82
5/23/2013,73.29166667,359.0945892,1650.51,14.07
5/24/2013,75.73271667,370.0630499,1649.6,13.99
5/28/2013,75.70833333,371.8375571,1660.06,14.48
5/29/2013,77.01041667,375.783547,1648.36,14.83
5/30/2013,76.25,373.2188147,1654.41,14.53
5/31/2013,79.32333333,391.1089275,1630.74,16.3
6/3/2013,78.74083333,391.4171626,1640.42,16.28
6/4/2013,81.7946875,406.8544008,1631.38,16.27
6/5/2013,85.73397358,427.2934039,1608.9,17.5
6/6/2013,84.06848202,412.9511789,1622.56,16.63
6/7/2013,81.0625,403.1279931,1643.38,15.14
6/10/2013,83.94166667,423.5404981,1642.81,15.44
6/11/2013,85.45535714,433.4025863,1626.13,17.07
6/12/2013,87.36458333,434.0911894,1612.52,18.59
6/13/2013,82.215,407.1749396,1636.36,16.41
6/14/2013,83.35928571,412.1901856,1626.73,17.15
6/17/2013,82.08232143,403.1216757,1639.04,16.8
6/18/2013,82.13966194,401.7475355,1651.81,16.61
6/19/2013,87.66892857,438.2801549,1628.93,16.64
6/20/2013,93.14782271,464.038923,1588.19,20.49
6/21/2013,93.79428571,462.4725322,1592.43,18.9
6/24/2013,97.58928571,477.8905778,1573.09,20.11
6/25/2013,92.0965625,452.147261,1588.03,18.47
6/26/2013,87.9825,436.333127,1603.26,17.21
6/27/2013,85.94157467,422.230919,1613.2,16.86
6/28/2013,87.5009375,435.012739,1606.28,16.86
7/1/2013,84.48916686,417.6311122,1614.96,16.37
7/2/2013,85.953125,426.0409814,1614.08,16.44
7/3/2013,85.44107143,424.4941495,1615.41,16.2
7/5/2013,86.5625,431.6173055,1631.89,14.89
7/8/2013,82.825,410.0946219,1640.46,14.78
7/9/2013,81.62111111,401.9782326,1652.32,14.35
7/10/2013,81.47444444,401.9476713,1652.62,14.21
7/11/2013,78.365,381.3466279,1675.02,14.01
7/12/2013,77.99013889,376.469864,1680.19,13.84
7/15/2013,76.98055556,370.4741177,1682.5,13.79
7/16/2013,77.98888889,374.0276128,1676.26,14.42
7/17/2013,75.99305556,362.9640931,1680.91,13.78
7/18/2013,74.43277778,358.1520584,1689.37,13.77
7/19/2013,72.70777778,351.7234661,1692.09,12.54
7/22/2013,72.72277778,352.0385909,1695.53,12.29
7/23/2013,75.00347222,365.8290151,1692.39,12.66
7/24/2013,76.39513889,375.0429117,1685.94,13.18
7/25/2013,76.36298879,370.9982979,1690.25,12.97
7/26/2013,74.5,364.397269,1691.65,12.72
7/29/2013,76,372.6051199,1685.33,13.39
7/30/2013,75.90138889,370.9416749,1685.96,13.39
7/31/2013,74.75555556,369.5124485,1685.73,13.45
8/1/2013,74.40583333,371.696125,1706.87,12.94
8/2/2013,72.77083333,362.0460115,1709.67,11.98
8/5/2013,72.89222222,363.4571567,1707.14,11.84
8/6/2013,74.5,371.5093001,1697.37,12.72
8/7/2013,76.30611111,382.657121,1690.91,12.98
8/8/2013,75.25,377.4336082,1697.48,12.73
8/9/2013,75.26333333,378.8828333,1691.42,13.41
8/12/2013,75.75,381.548566,1689.47,12.81
8/13/2013,75.30555556,380.8333358,1694.16,12.31
8/14/2013,75.48611111,379.8468768,1685.39,13.04
8/15/2013,79.5,397.0074555,1661.32,14.73
8/16/2013,81.5,404.7714655,1655.83,14.37
8/19/2013,84.21527778,420.0076919,1646.06,15.1
8/20/2013,82.26388889,404.9268913,1652.35,14.91
8/21/2013,84.15,413.3848807,1642.8,15.94
8/22/2013,80.87361111,397.9392526,1656.96,14.76
8/23/2013,78.89444444,388.6706025,1663.5,13.98
8/27/2013,83.85055556,409.3674143,1630.48,16.77
8/28/2013,83.45833333,405.8284766,1634.96,16.49
8/29/2013,82.60888889,400.5902529,1638.17,16.81
8/30/2013,83.90333333,406.3144999,1632.97,17.01
9/3/2013,83.5,401.7310404,1639.77,16.61
9/4/2013,82.83833333,399.3782011,1653.08,15.88
9/5/2013,83.64694444,404.0392882,1655.08,15.77
9/6/2013,81.90555556,399.020042,1655.17,15.85
9/9/2013,78.98263889,382.7628539,1671.71,15.63
9/10/2013,78,376.2052548,1683.99,14.53
9/11/2013,76.0625,367.8398534,1689.13,13.82
9/12/2013,77.543,375.006,1683.42,14.29
9/13/2013,77.164,373.268,1687.99,14.16
9/16/2013,74.75,361.669,1697.6,14.38
9/17/2013,73,354.690191,1704.76,14.53
9/18/2013,69.284375,340.434633,1725.52,13.59
9/19/2013,69.93277778,345.4539679,1722.34,13.16
9/20/2013,79.82986111,350.4297528,1709.91,13.12
9/23/2013,80.21555556,352.3655709,1701.84,14.31
9/24/2013,78.84722222,351.6260148,1697.42,14.08
9/25/2013,79.75,355.4084771,1692.77,14.01
9/26/2013,79.75,353.550914,1698.67,14.06
9/27/2013,80.89111111,397.1069587,1691.75,15.46
9/30/2013,81.95472222,399.0437801,1681.55,16.6
10/1/2013,79.87444444,390.5830013,1695,15.54
10/2/2013,79.69222222,388.2492299,1693.87,16.6
10/3/2013,80.80083333,391.9923375,1678.66,17.67
10/4/2013,79.46166667,383.9880483,1690.5,16.74
10/7/2013,82.5,397.4054846,1676.12,19.41
10/8/2013,84.47277778,406.1411472,1655.45,20.34
10/9/2013,83.44388889,400.1343288,1656.4,19.6
10/10/2013,78.688125,380.4166817,1692.56,16.48
10/11/2013,76.79666667,370.1095215,1703.2,15.72
10/15/2013,77.25694444,369.9328971,1698.06,18.66
10/16/2013,73.63666667,354.3552903,1721.54,14.71
10/17/2013,71.26388889,345.2843864,1733.15,13.48
10/18/2013,71.25,344.3903142,1744.5,13.04
10/21/2013,72.25,348.4881285,1744.66,13.16
10/22/2013,70,340.3173233,1754.67,13.33
10/23/2013,72.04166667,347.197877,1746.38,13.42
10/24/2013,72.1953125,348.3109741,1752.07,13.2
10/25/2013,71.77677271,346.0409219,1759.77,13.09
10/28/2013,71.81515625,346.9854228,1762.11,13.31
10/29/2013,71.15438305,345.4955369,1771.95,13.41
10/30/2013,73.1916722,354.2222403,1763.31,13.65
10/31/2013,72.85502569,353.3331988,1756.54,13.75
11/1/2013,73.48638889,356.849571,1761.64,13.28
11/4/2013,73.09784653,355.3249432,1767.93,12.93
11/5/2013,74.47508423,360.9549746,1762.97,13.27
11/6/2013,72.76388889,351.7738134,1770.49,12.67
11/7/2013,73.75,359.1355575,1747.15,13.91
11/8/2013,71.7316481,350.5500096,1770.61,12.9
11/12/2013,73.23666667,356.4293149,1767.69,12.82
11/13/2013,72.35527778,352.1999852,1782,12.52
11/14/2013,71.75,351.0496422,1790.62,12.37
11/15/2013,70.25,345.8356699,1798.18,12.19
11/18/2013,71.44555556,349.9532955,1791.53,13.1
11/19/2013,72.6338961,353.6337796,1787.87,13.39
11/20/2013,72.29042714,353.4734164,1781.37,13.4
11/21/2013,70.73638889,347.3596834,1795.85,12.66
11/22/2013,68.62227547,340.7791449,1804.76,12.26
11/25/2013,67.99928261,337.1641134,1802.48,12.79
11/26/2013,68.5,337.1210724,1802.75,12.81
11/27/2013,68.94444444,337.0868562,1807.23,12.98
11/29/2013,69.56425036,339.8182215,1805.81,13.7
12/2/2013,69.56052848,340.2979448,1800.9,14.23
12/3/2013,70.52055556,344.4931004,1795.15,14.55
12/4/2013,70.75,347.1627709,1792.81,14.7
12/5/2013,72.26388889,351.6516148,1785.03,15.08
12/6/2013,69.42111111,340.275235,1805.09,13.79
12/9/2013,67.45048644,333.5580741,1808.37,13.49
12/10/2013,67.77777778,335.5836363,1802.62,13.91
12/11/2013,70.23294794,343.7402144,1782.22,15.42
12/12/2013,70.25,344.7250918,1775.5,15.54
12/13/2013,69.98611111,342.1250248,1775.32,15.76
12/16/2013,69.36916667,336.5956516,1786.54,16.03
12/17/2013,69.96875,339.2149496,1781,16.21
12/18/2013,67.5,329.0413225,1810.65,13.8
12/19/2013,66.12208333,325.5675606,1809.6,14.15
12/20/2013,64.57291667,318.8729179,1818.32,13.79
12/23/2013,62.87061781,310.459645,1827.99,13.04
12/24/2013,62.4921875,307.5700684,1833.32,12.48
12/27/2013,63.22804657,311.4942721,1841.4,12.46
12/30/2013,63.75944815,312.2648781,1841.07,13.56
12/31/2013,62.4375,306.7406062,1848.36,13.72
1/2/2014,63.25,312.3929871,1831.98,14.23
1/3/2014,62.75,311.3001095,1831.37,13.76
1/6/2014,62.90333333,308.9300445,1826.77,13.55
1/7/2014,64.03472222,312.9828809,1837.88,12.92
1/8/2014,65.00571054,315.6124921,1837.49,12.87
1/9/2014,65,315.2413224,1838.13,12.89
1/10/2014,63.98868573,310.9316487,1842.37,12.14
1/13/2014,66.25,320.6789832,1819.2,13.28
1/14/2014,65,317.5487121,1838.88,12.28
1/15/2014,63.46875,311.0561523,1848.38,12.28
1/16/2014,64.75,316.0227732,1845.89,12.53
1/17/2014,65.25,317.5937088,1838.7,12.44
1/21/2014,65.5,318.7299471,1843.8,12.87
1/22/2014,65.5,319.8320633,1844.86,12.84
1/23/2014,67.88742252,329.5324137,1828.46,13.77
1/24/2014,72.61833333,351.7066019,1790.29,18.14
1/27/2014,72.54930556,349.7585689,1781.56,17.42
1/28/2014,69.70888889,335.8523688,1792.5,15.8
1/29/2014,72.51111111,353.6299004,1774.2,17.35
1/30/2014,71.66111111,349.1107237,1794.19,17.29
1/31/2014,71.55498908,350.2662361,1782.59,18.41
2/3/2014,74.43055556,362.9934835,1741.89,21.44
2/4/2014,72.91720442,355.2930546,1755.2,19.11
2/5/2014,72.8227599,354.9415161,1751.64,19.95
2/6/2014,69.83733333,340.7747359,1773.43,17.23
2/7/2014,67.5,331.1668705,1797.02,15.29
2/10/2014,67.73888889,331.1766114,1799.84,15.26
2/11/2014,65.5,324.157866,1819.75,14.51
2/12/2014,65.27777778,323.8310333,1819.26,14.3
2/13/2014,64.695,321.2978249,1829.83,14.14
2/14/2014,63.92722114,316.6435779,1838.63,13.57
2/18/2014,64,317.6742558,1840.76,13.87
2/19/2014,66.05611111,327.4481951,1828.75,15.5
2/20/2014,64.74444444,320.7506469,1839.78,14.79
2/21/2014,65.05752191,322.8284546,1836.25,14.68
2/24/2014,63.82691722,317.0560343,1847.61,14.23
2/25/2014,64.4032326,318.186365,1845.12,13.67
2/26/2014,64.54651874,318.4917273,1845.16,14.35
2/27/2014,63.79975473,312.2604913,1854.29,14.04
2/28/2014,63.50152381,311.9222939,1859.45,14
3/3/2014,65.29550323,322.5945744,1845.73,16
3/4/2014,62.72083333,311.2513022,1873.91,14.1
3/5/2014,62.40642099,309.515203,1873.81,13.89
3/6/2014,62.50828069,311.1663167,1877.03,14.21
3/7/2014,63.44143387,315.2052092,1878.04,14.11
3/10/2014,63.35283333,315.4088385,1877.17,14.2
3/11/2014,64.00148386,317.2579671,1867.63,14.8
3/12/2014,65.12779226,321.4682872,1868.2,14.47
3/13/2014,67.52535068,332.9651365,1846.34,16.22
3/14/2014,67.44377957,334.8455268,1841.13,17.82
3/17/2014,64.96060241,324.5808108,1858.83,15.64
3/18/2014,63.172772,317.1075735,1872.25,14.52
3/19/2014,64.48908704,322.8847662,1860.77,15.12
3/20/2014,71.71615385,315.2274903,1872.01,14.52
3/21/2014,70.68332267,314.6720914,1866.52,15
3/24/2014,71.75503174,317.294662,1857.44,15.09
3/25/2014,71.31246043,315.083706,1865.62,14.02
3/26/2014,71.89525285,317.4426768,1852.56,14.93
3/27/2014,71.18066789,343.5649259,1849.04,14.62
3/28/2014,70.48765557,340.5773966,1857.62,14.41
3/31/2014,69.14889628,335.6529465,1872.34,13.88
4/1/2014,67.49399054,330.009695,1885.52,13.1
4/2/2014,67.27804356,329.0527693,1890.9,13.09
4/3/2014,66.80777521,328.8549951,1888.77,13.37
4/4/2014,66.9725677,334.1570578,1865.09,13.96
4/7/2014,68.01697617,340.4905493,1845.04,15.57
4/8/2014,67.70053407,341.5183923,1851.96,14.89
4/9/2014,65.43478614,333.8367257,1872.18,13.82
4/10/2014,67.72720104,344.2782255,1833.08,15.89
4/11/2014,69.61303648,354.1272109,1815.69,17.03
4/14/2014,68.4026204,349.6920129,1830.61,16.11
4/15/2014,68.94530719,349.9236842,1842.98,15.61
4/16/2014,68.08236378,344.1805079,1862.31,14.18
4/17/2014,67.828125,343.2782148,1864.85,13.36
4/22/2014,65.41308604,337.2405014,1879.55,13.19
4/23/2014,65.87984375,340.7734763,1875.39,13.27
4/24/2014,65.94049996,341.3830417,1878.61,13.32
4/25/2014,67.16168079,347.3856446,1863.4,14.06
4/28/2014,65.93295786,343.7440569,1869.43,13.97
4/29/2014,65.70565676,345.1131614,1878.33,13.71
4/30/2014,64.21757226,342.3759978,1883.95,13.41
5/1/2014,64.17188448,344.5767791,1883.68,13.25
5/2/2014,64.25035474,345.504325,1881.14,12.91
5/6/2014,65.71779863,347.7329983,1867.72,13.8
5/7/2014,64.79708051,343.6512786,1878.21,13.4
5/8/2014,64.13226232,342.939195,1875.63,13.43
5/9/2014,63.77962727,342.2512993,1878.48,12.92
5/12/2014,62.54275824,337.9057833,1896.65,12.23
5/13/2014,62.48443231,337.2766355,1897.45,12.13
5/14/2014,63.24887055,338.1121574,1888.53,12.17
5/15/2014,65.21262904,346.5008667,1870.85,13.17
